Workbook

Sheet About
A1: BDCL BAU Data Center Load | B1: North Dakota | C1: 46184 | F1: State | G1: State
B2: =LOOKUP(B1,F2:G51,G2:G51) -> ND | F2: Alabama | G2: AL
A3: Sources: | B3: Data Center Load | F3: Alaska | G3: AK
B4: The Rhodium Group | F4: Arizona | G4: AZ
B5: Taking Stock 2024: Technical Appendix | F5: Arkansas | G5: AR
B6: https://rhg.com/wp-content/uploads/2024/07/Taking-Stock-2024_Technical-Appendix.pdf | F6: California | G6: CA
B7: Figure 10 | F7: Colorado | G7: CO
F8: Connecticut | G8: CT
B9: STATE | F9: Delaware | G9: DE
B10: EPRI | F10: Florida | G10: FL
B11: Powering Intelligence Analyzing Artificial Intelligence and Data Center Energy Consumption | F11: Georgia | G11: GA
B12: 2024 | F12: Hawaii | G12: HI
B13: https://www.epri.com/research/products/3002028905 | F13: Idaho | G13: ID
F14: Illinois | G14: IL
F15: Indiana | G15: IN
A16: Notes on Data Center Load in AEO | F16: Iowa | G16: IA
A17: TBD on this adjustment pending AEO choice | F17: Kansas | G17: KS
A18: In AEO 2025, the EIA included projections for data center load growth. With this, EIA included additional documentation of how data center electricity demand is classified in Table 5. | F18: Kentucky | G18: KY
A19: In AEO 2023 and AEO 2025, data center load is captured in both Ventilation and Other Uses (for on-site data centers) and Computing (for standalone data centers). | F19: Louisiana | G19: LA
A20: To estimate EIA's projected load growth for data centers, the difference can be taken between the two releases. | F20: Maine | G20: ME
A21: This data center load is removed from bldgs/BCEU. | F21: Maryland | G21: MD
F22: Massachusetts | G22: MA
A23: Due to uncertainty in electricity demand growth from data centers in the age of AI, we include three different projections for annual data center electricity load. | F23: Michigan | G23: MI
A24: The projections included are the low, mid and high scenarios from The Rhodium Group through 2035. From 2036 through 2050, we assume continued growth at a slower rate. | F24: Minnesota | G24: MN
F25: Mississippi | G25: MS
F26: Missouri | G26: MO
F27: Montana | G27: MT
F28: Nebraska | G28: NE
F29: Nevada | G29: NV
F30: New Hampshire | G30: NH
F31: New Jersey | G31: NJ
F32: New Mexico | G32: NM
F33: New York | G33: NY
F34: North Carolina | G34: NC
F35: North Dakota | G35: ND
F36: Ohio | G36: OH
... F51: Wyoming | G51: WY

Sheet US-values
A1: US VALUES
B2: Year | C2: 2024 | D2: 2025 | E2: 2026 | F2: 2027 | G2: 2028 | H2: 2029 | I2: 2030 | J2: 2031 | K2: 2032 | L2: 2033 | M2: 2034 | N2: 2035 | O2: 2036 | P2: 2037 | Q2: 2038 | R2: 2039 | S2: 2040 | T2: 2041 | U2: 2042 | V2: 2043 | W2: 2044 | X2: 2045 | Y2: 2046 | Z2: 2047 | AA2: 2048 | AB2: 2049 | AC2: 2050
A3: LOW | B3: electricity (MWh) | C3: 184000000 | D3: 224000000 | E3: 263000000 | F3: 308000000 | G3: 345000000 | H3: 371000000 | I3: 396000000 | J3: 411490910 | K3: 4.2727921e+08 | L3: 4.43357e+08 | M3: 4.5966919e+08 | N3: 4.7616832e+08 | O3: 4.9277204e+08 | P3: 5.094036e+08 | Q3: 5.2585731e+08 | R3: 541988129 | S3: 557646635 | T3: 572773346 | U3: 5.8712859e+08 | V3: 6.0072613e+08 | W3: 6.1333128e+08 | X3: 624948149 | Y3: 6.3529808e+08 | Z3: 6.4429142e+08 | AA3: 6.5182973e+08 | AB3: 657857030 | AC3: 663209847
A4: MOD | B4: electricity (MWh) | C4: 184000000 | D4: 224000000 | E4: 290000000 | F4: 369000000 | G4: 448000000 | H4: 518000000 | I4: 585000000 | J4: 6.154e+08 | K4: 6.458e+08 | L4: 6.762e+08 | M4: 7.066e+08 | N4: 737000000 | O4: 7.536e+08 | P4: 7.702e+08 | Q4: 7.868e+08 | R4: 8.034e+08 | S4: 820000000 | T4: 8.294e+08 | U4: 8.388e+08 | V4: 8.482e+08 | W4: 8.576e+08 | X4: 867000000 | Y4: 8.764e+08 | Z4: 8.858e+08 | AA4: 8.952e+08 | AB4: 9.046e+08 | AC4: 914000000
A5: HIGH | B5: electricity (MWh) | C5: 184000000 | D5: 224000000 | E5: 314000000 | F5: 425000000 | G5: 544000000 | H5: 653000000 | I5: 760000000 | J5: 825000000 | K5: 890000000 | L5: 955000000 | M5: 1020000000 | N5: 1085000000 | O5: 1.1208e+09 | P5: 1.1566e+09 | Q5: 1.1924e+09 | R5: 1.2282e+09 | S5: 1264000000 | T5: 1.3097e+09 | U5: 1.3554e+09 | V5: 1.4011e+09 | W5: 1.4468e+09 | X5: 1492500000 | Y5: 1.5382e+09 | Z5: 1.5839e+09 | AA5: 1.6296e+09 | AB5: 1.6753e+09 | AC5: 1721000000

Sheet EPRI regional
B1: Source | C1: Powering Intelligence Analyzing Artificial Intelligence and Data Center Energy Consumption
B2: Link | C2: https://www.wpr.org/wp-content/uploads/2024/06/3002028905_Powering-Intelligence_-Analyzing-Artificial-Intelligence-and-Data-Center-Energy-Consumption.pdf
C3: https://www.epri.com/research/products/3002028905
B38: Table
B39: State | C39: 2023_MWh | D39: 2023_% | E39: Low_MWh | F39: Low_% | G39: Mod_MWh | H39: Mod_% | I39: High_MWh | J39: High_% | K39: Higher_MWh | L39: Higher_%
B40: Alabama | C40: 1489200 | D40: 0.0171 | E40: 1921753 | F40: 0.0205 | G40: 2095454 | H40: 0.0223 | I40: 2902030 | J40: 0.0307 | K40: 3954704 | L40: 0.0413
B41: Arizona | C41: 6253280 | D41: 0.0743 | E41: 8069580 | F41: 0.0881 | G41: 8978795 | H41: 0.0953 | I41: 11381582 | J41: 0.1237 | K41: 16603465 | L41: 0.1568
B42: California | C42: 9313619 | D42: 0.037 | E42: 12042078 | F42: 0.0443 | G42: 13130525 | H42: 0.0481 | I42: 18186486 | J42: 0.0654 | K42: 24777200 | L42: 0.087
B43: Colorado | C43: 1509640 | D43: 0.0266 | E43: 1948130 | F43: 0.0318 | G43: 2124215 | H43: 0.0346 | I43: 2941861 | J43: 0.0473 | K43: 4008345 | L43: 0.0634
B44: Connecticut | C44: 262800 | D44: 0.0095 | E44: 339133 | F44: 0.0124 | G44: 369786 | H44: 0.0124 | I44: 421723 | J44: 0.0117 | K44: 697778 | L44: 0.0312
B45: Florida | C45: 1384080 | D45: 0.0056 | E45: 1786909 | F45: 0.0067 | G45: 1947540 | H45: 0.0073 | I45: 2697180 | J45: 0.011 | K45: 3674963 | L45: 0.0137
B46: Georgia | C46: 6175391 | D46: 0.0426 | E46: 7969093 | F46: 0.0508 | G46: 8689396 | H46: 0.0553 | I46: 12040390 | J46: 0.0748 | K46: 16369560 | L46: 0.0992
B47: Hawaii | C47: 8760 | D47: 0.0086 | E47: 11304 | F47: 0.011 | G47: 12316 | H47: 0.0013 | I47: 17497 | J47: 0.002 | K47: 23829 | L47: 0.0005
B48: Idaho | C48: 148920 | D48: 0.0057 | E48: 192175 | F48: 0.0068 | G48: 209545 | H48: 0.0074 | I48: 290203 | J48: 0.0103 | K48: 395407 | L48: 0.014
B49: Illinois | C49: 7450176 | D49: 0.0548 | E49: 9641651 | F49: 0.0633 | G49: 10483485 | H49: 0.0708 | I49: 14518285 | J49: 0.0954 | K49: 19781455 | L49: 0.1256
B50: Indiana | C50: 192720 | D50: 0.0019 | E50: 248697 | F50: 0.0023 | G50: 271176 | H50: 0.0025 | I50: 375557 | J50: 0.0035 | K50: 511704 | L50: 0.0048
B51: Iowa | C51: 6193320 | D51: 0.1143 | E51: 7992230 | F51: 0.1344 | G51: 8741623 | H51: 0.1448 | I51: 12069029 | J51: 0.1899 | K51: 16644294 | L51: 0.2421
... B83: Wyoming | C83: 1857120 | D83: 0.1126 | E83: 2396538 | F83: 0.1324 | G83: 2613144 | H83: 0.1427 | I83: 3619002 | J83: 0.1873 | K83: 4930962 | L83: 0.239
B85: Total (TWh) | C85: =SUM(C40:C83)/10^6 -> 153.22979 | E85: =SUM(E40:E83)/10^6 -> 196.64529 | G85: =SUM(G40:G83)/10^6 -> 214.53474 | I85: =SUM(I40:I83)/10^6 -> 296.29122 | K85: =SUM(K40:K83)/10^6 -> 404.86112
B86: EPRI National (TWh) | C86: =[1]EPRI!C4 -> 152 | E86: =[1]EPRI!D8 -> 196.3 | G86: =[1]EPRI!D7 -> 214 | I86: =[1]EPRI!D6 -> 296.4 | K86: =[1]EPRI!D5 -> 403.9

Sheet calcs
A1: STATE | B1: =About!B1 -> North Dakota | C1: mwh
B3: 2023 | C3: 2030
A4: LOW | B4: =SUMIFS('EPRI regional'!$C$40:$C$83,'EPRI regional'!$B$40:$B$83,About!$B$1) -> 3915720 | C4: =SUMIFS('EPRI regional'!$E$40:$E$83,'EPRI regional'!$B$40:$B$83,About!$B$1) -> 5107735
A5: MOD | B5: =SUMIFS('EPRI regional'!$C$40:$C$83,'EPRI regional'!$B$40:$B$83,About!$B$1) -> 3915720 | C5: =SUMIFS('EPRI regional'!$G$40:$G$83,'EPRI regional'!$B$40:$B$83,About!$B$1) -> 5508981
A6: HIGH | B6: =SUMIFS('EPRI regional'!$C$40:$C$83,'EPRI regional'!$B$40:$B$83,About!$B$1) -> 3915720 | C6: =SUMIFS('EPRI regional'!$K$40:$K$83,'EPRI regional'!$B$40:$B$83,About!$B$1) -> 10396838
A8: US GROWTH (post 2030) | C8: 2024 | D8: 2025 | E8: 2026 | F8: 2027 | G8: 2028 | H8: 2029 | I8: 2030 | J8: 2031 | K8: 2032 | L8: 2033 | M8: 2034 | N8: 2035 | O8: 2036 | P8: 2037 | Q8: 2038 | R8: 2039 | S8: 2040 | T8: 2041 | U8: 2042 | V8: 2043 | W8: 2044 | X8: 2045 | Y8: 2046 | Z8: 2047 | AA8: 2048 | AB8: 2049 | AC8: 2050
A9: LOW | J9: ='US-values'!J3/'US-values'!$I3 -> 1.0391185 | K9: ='US-values'!K3/'US-values'!$I3 -> 1.0789879 | L9: ='US-values'!L3/'US-values'!$I3 -> 1.1195884 | M9: ='US-values'!M3/'US-values'!$I3 -> 1.1607808 | N9: ='US-values'!N3/'US-values'!$I3 -> 1.2024452 | O9: ='US-values'!O3/'US-values'!$I3 -> 1.2443738 | P9: ='US-values'!P3/'US-values'!$I3 -> 1.2863727 | Q9: ='US-values'!Q3/'US-values'!$I3 -> 1.3279225 | ... AC9: ='US-values'!AC3/'US-values'!$I3 -> 1.6747723
A10: MOD | J10: ='US-values'!J4/'US-values'!$I4 -> 1.0519658 | K10: ='US-values'!K4/'US-values'!$I4 -> 1.1039316 | L10: ='US-values'!L4/'US-values'!$I4 -> 1.1558974 | M10: ='US-values'!M4/'US-values'!$I4 -> 1.2078632 | N10: ='US-values'!N4/'US-values'!$I4 -> 1.2598291 | O10: ='US-values'!O4/'US-values'!$I4 -> 1.2882051 | P10: ='US-values'!P4/'US-values'!$I4 -> 1.3165812 | Q10: ='US-values'!Q4/'US-values'!$I4 -> 1.3449573 | ... AC10: ='US-values'!AC4/'US-values'!$I4 -> 1.5623932
A11: HIGH | J11: ='US-values'!J5/'US-values'!$I5 -> 1.0855263 | K11: ='US-values'!K5/'US-values'!$I5 -> 1.1710526 | L11: ='US-values'!L5/'US-values'!$I5 -> 1.2565789 | M11: ='US-values'!M5/'US-values'!$I5 -> 1.3421053 | N11: ='US-values'!N5/'US-values'!$I5 -> 1.4276316 | O11: ='US-values'!O5/'US-values'!$I5 -> 1.4747368 | P11: ='US-values'!P5/'US-values'!$I5 -> 1.5218421 | Q11: ='US-values'!Q5/'US-values'!$I5 -> 1.5689474 | ... AC11: ='US-values'!AC5/'US-values'!$I5 -> 2.2644737
A14: STATE FORECAST | B14: EPRI | J14: US GROWTH RATES
B15: 2023 | C15: 2024 | D15: 2025 | E15: 2026 | F15: 2027 | G15: 2028 | H15: 2029 | I15: 2030 | J15: 2031 | K15: 2032 | L15: 2033 | M15: 2034 | N15: 2035 | O15: 2036 | P15: 2037 | Q15: 2038 | R15: 2039 | S15: 2040 | T15: 2041 | U15: 2042 | V15: 2043 | W15: 2044 | X15: 2045 | Y15: 2046 | Z15: 2047 | AA15: 2048 | AB15: 2049 | AC15: 2050
A16: LOW | B16: =_xlfn.FORECAST.LINEAR(B$15,$B$4:$C$4,$B$3:$C$3) -> 3915720 | C16: =B16 -> 3915720 | D16: =_xlfn.FORECAST.LINEAR(D$15,$B$4:$C$4,$B$3:$C$3) -> 4256295.7 | E16: =_xlfn.FORECAST.LINEAR(E$15,$B$4:$C$4,$B$3:$C$3) -> 4426583.6 | F16: =_xlfn.FORECAST.LINEAR(F$15,$B$4:$C$4,$B$3:$C$3) -> 4596871.4 | G16: =_xlfn.FORECAST.LINEAR(G$15,$B$4:$C$4,$B$3:$C$3) -> 4767159.3 | H16: =_xlfn.FORECAST.LINEAR(H$15,$B$4:$C$4,$B$3:$C$3) -> 4937447.1 | I16: =_xlfn.FORECAST.LINEAR(I$15,$B$4:$C$4,$B$3:$C$3) -> 5107735 | J16: =J9*$I16 -> 5307541.7 | K16: =K9*$I16 -> 5511184.3 | L16: =L9*$I16 -> 5718560.8 | M16: =M9*$I16 -> 5928960.7 | N16: =N9*$I16 -> 6141771.7 | O16: =O9*$I16 -> 6355931.8 | P16: =P9*$I16 -> 6570451 | Q16: =Q9*$I16 -> 6782676.2 | ... AC16: =AC9*$I16 -> 8554293.3
A17: MOD | B17: =_xlfn.FORECAST.LINEAR(B$15,$B$5:$C$5,$B$3:$C$3) -> 3915720 | C17: =B17 -> 3915720 | D17: =_xlfn.FORECAST.LINEAR(D$15,$B$5:$C$5,$B$3:$C$3) -> 4370937.4 | E17: =_xlfn.FORECAST.LINEAR(E$15,$B$5:$C$5,$B$3:$C$3) -> 4598546.1 | F17: =_xlfn.FORECAST.LINEAR(F$15,$B$5:$C$5,$B$3:$C$3) -> 4826154.9 | G17: =_xlfn.FORECAST.LINEAR(G$15,$B$5:$C$5,$B$3:$C$3) -> 5053763.6 | H17: =_xlfn.FORECAST.LINEAR(H$15,$B$5:$C$5,$B$3:$C$3) -> 5281372.3 | I17: =_xlfn.FORECAST.LINEAR(I$15,$B$5:$C$5,$B$3:$C$3) -> 5508981 | J17: =J10*$I17 -> 5795259.7 | K17: =K10*$I17 -> 6081538.3 | L17: =L10*$I17 -> 6367817 | M17: =M10*$I17 -> 6654095.7 | N17: =N10*$I17 -> 6940374.4 | O17: =O10*$I17 -> 7096697.6 | P17: =P10*$I17 -> 7253020.8 | Q17: =Q10*$I17 -> 7409344 | ... AC17: =AC10*$I17 -> 8607194.2
A18: HIGH | B18: =_xlfn.FORECAST.LINEAR(B$15,$B$6:$C$6,$B$3:$C$3) -> 3915720 | C18: =B18 -> 3915720 | D18: =_xlfn.FORECAST.LINEAR(D$15,$B$6:$C$6,$B$3:$C$3) -> 5767468 | E18: =_xlfn.FORECAST.LINEAR(E$15,$B$6:$C$6,$B$3:$C$3) -> 6693342 | F18: =_xlfn.FORECAST.LINEAR(F$15,$B$6:$C$6,$B$3:$C$3) -> 7619216 | G18: =_xlfn.FORECAST.LINEAR(G$15,$B$6:$C$6,$B$3:$C$3) -> 8545090 | H18: =_xlfn.FORECAST.LINEAR(H$15,$B$6:$C$6,$B$3:$C$3) -> 9470964 | I18: =_xlfn.FORECAST.LINEAR(I$15,$B$6:$C$6,$B$3:$C$3) -> 10396838 | J18: =J11*$I18 -> 11286041 | K18: =K11*$I18 -> 12175244 | L18: =L11*$I18 -> 13064448 | M18: =M11*$I18 -> 13953651 | N18: =N11*$I18 -> 14842854 | O18: =O11*$I18 -> 15332600 | P18: =P11*$I18 -> 15822346 | Q18: =Q11*$I18 -> 16312092 | ... AC18: =AC11*$I18 -> 23543366

Sheet BDCL-low
A1: Year | B1: 2024 | C1: 2025 | D1: 2026 | E1: 2027 | F1: 2028 | G1: 2029 | H1: 2030 | I1: 2031 | J1: 2032 | K1: 2033 | L1: 2034 | M1: 2035 | N1: 2036 | O1: 2037 | P1: 2038 | Q1: 2039 | R1: 2040 | S1: 2041 | T1: 2042 | U1: 2043 | V1: 2044 | W1: 2045 | X1: 2046 | Y1: 2047 | Z1: 2048 | AA1: 2049 | AB1: 2050
A2: electricity (MWh) | B2: =calcs!C16 -> 3915720 | C2: =calcs!D16 -> 4256295.7 | D2: =calcs!E16 -> 4426583.6 | E2: =calcs!F16 -> 4596871.4 | F2: =calcs!G16 -> 4767159.3 | G2: =calcs!H16 -> 4937447.1 | H2: =calcs!I16 -> 5107735 | I2: =calcs!J16 -> 5307541.7 | ... AB2: =calcs!AC16 -> 8554293.3

Sheet BDCL-mid
A1: Year | B1: 2024 | C1: 2025 | D1: 2026 | E1: 2027 | F1: 2028 | G1: 2029 | H1: 2030 | I1: 2031 | J1: 2032 | K1: 2033 | L1: 2034 | M1: 2035 | N1: 2036 | O1: 2037 | P1: 2038 | Q1: 2039 | R1: 2040 | S1: 2041 | T1: 2042 | U1: 2043 | V1: 2044 | W1: 2045 | X1: 2046 | Y1: 2047 | Z1: 2048 | AA1: 2049 | AB1: 2050
A2: electricity (MWh) | B2: =calcs!C17 -> 3915720 | C2: =calcs!D17 -> 4370937.4 | D2: =calcs!E17 -> 4598546.1 | E2: =calcs!F17 -> 4826154.9 | F2: =calcs!G17 -> 5053763.6 | G2: =calcs!H17 -> 5281372.3 | H2: =calcs!I17 -> 5508981 | I2: =calcs!J17 -> 5795259.7 | ... AB2: =calcs!AC17 -> 8607194.2

Sheet BDCL-high
A1: Year | B1: 2024 | C1: 2025 | D1: 2026 | E1: 2027 | F1: 2028 | G1: 2029 | H1: 2030 | I1: 2031 | J1: 2032 | K1: 2033 | L1: 2034 | M1: 2035 | N1: 2036 | O1: 2037 | P1: 2038 | Q1: 2039 | R1: 2040 | S1: 2041 | T1: 2042 | U1: 2043 | V1: 2044 | W1: 2045 | X1: 2046 | Y1: 2047 | Z1: 2048 | AA1: 2049 | AB1: 2050
A2: electricity (MWh) | B2: =calcs!C18 -> 3915720 | C2: =calcs!D18 -> 5767468 | D2: =calcs!E18 -> 6693342 | E2: =calcs!F18 -> 7619216 | F2: =calcs!G18 -> 8545090 | G2: =calcs!H18 -> 9470964 | H2: =calcs!I18 -> 10396838 | I2: =calcs!J18 -> 11286041 | ... AB2: =calcs!AC18 -> 23543366
