Workbook

Sheet About
A1: HYECFCA Historical Year Electricity Capacity Factor Calibration Adjustment | B1: North Dakota | C1: 46224 | K1: Alabama | L1: AL
A2: Active state: cell B1 (full state name). B2 resolves the abbreviation used by the calc tabs. | B2: =INDEX(L1:L48,MATCH(B1,K1:K48,0)) -> ND | K2: Arizona | L2: AZ
K3: Arkansas | L3: AR
A4: Sources: | B4: EPS SYSHECF + SHELF inputs (state-eps-data, compiled verbatim); EIA-923 2025 Early Release + EIA-860 2025 ER (tech-level, BHRaSYC include filter); BHRaSYC-embedded national 2024 Form 923/860 for 2024 CFs. | K4: California | L4: CA
A5: Method: | B5: HYECFCA 2025 multiplier = EIA CF 2025 / EPS day-weighted avg CF (CF_summary col H), applied to ALL plant types (staff direction 2026-07-20). Techs with no 2025 data (or not modeled in the state) get the Keys default (1.0). Years 2026-2050 = 1.0. | K5: Colorado | L5: CO
A6: Basis: | B6: CONFIRMED post-SYSHECF-rework (staff decision 2026-07-21): SYSHECF now carries mean(2024,2025) observed CF levels, and HYECFCA deliberately keeps the EIA-2025/EPS ratio on top -- so the START YEAR is anchored to 2025 actuals (including 2025 refueling outages and water-year conditions), while 2026+ revert to the two-year-mean basis when the multiplier returns to 1.0. Median ratio post-rework = 1.002; the residual spread IS the 2025-vs-mean difference, not error. | K6: Connecticut | L6: CT
A7: NOTE: | B7: For cost-dispatched techs (coal, gas CC/steam, oil with BGDPbES=0) the observed CF measures UTILIZATION, not availability, so their ratios (typically <1) set availability equal to the 2025 dispatch outcome. This removes dispatch headroom above 2025 utilization: demand growth, retirement backfill, and policy-driven redispatch (e.g. carbon-price coal<->gas swings) cannot lift these fleets above their 2025 CFs. Deliberate staff choice, documented for traceability. | K7: Delaware | L7: DE
A8: Caveats: | B8: CF_summary col P flags "over" where ratio x max hourly SYSHECF CF > 100% -- those state/tech ratios need a model-side clamp or a manual trim. Ratios inherit the actual-CF artifacts documented on the review About tab: partial-year 2025 builds bias ratios DOWN (small new fleets), nuclear refueling years bias DOWN (MO, WA), 2025 was a thin PNW water year. Consider the EIA-2024/EPS ratio (CF_summary col G) or the mean before adopting; DRAFT for staff review, verify against primary sources. | K8: Florida | L8: FL
A9: Rebuild: | B9: python outputs/HYECFCA/_build_hyecfca_workbook.py | K9: Georgia | L9: GA
K10: Idaho | L10: ID
K11: Illinois | L11: IL
K12: Indiana | L12: IN
K13: Iowa | L13: IA
K14: Kansas | L14: KS
K15: Kentucky | L15: KY
K16: Louisiana | L16: LA
K17: Maine | L17: ME
K18: Maryland | L18: MD
K19: Massachusetts | L19: MA
K20: Michigan | L20: MI
K21: Minnesota | L21: MN
... K48: Wyoming | L48: WY

Sheet Keys
A1: category | B1: key | C1: value | D1: description
A2: gate | B2: default_multiplier | C2: 1 | D2: Multiplier for missing-data techs and all years after 2025
A3: year | B3: ratio_year | C3: 2025 | D3: Only this year column carries the calibration ratio

Sheet SHELF_days
A1: state | B1: timeslice | C1: days | D1: key (state|timeslice)
A2: AL | B2: Winter | C2: 37 | D2: =A2&"|"&B2 -> AL|Winter
A3: AL | B3: Spring | C3: 145 | D3: =A3&"|"&B3 -> AL|Spring
A4: AL | B4: Summer | C4: 70 | D4: =A4&"|"&B4 -> AL|Summer
A5: AL | B5: Fall | C5: 96 | D5: =A5&"|"&B5 -> AL|Fall
A6: AL | B6: Summer Peak | C6: 14 | D6: =A6&"|"&B6 -> AL|Summer Peak
A7: AL | B7: Winter Peak | C7: 3 | D7: =A7&"|"&B7 -> AL|Winter Peak
A8: AR | B8: Winter | C8: 35 | D8: =A8&"|"&B8 -> AR|Winter
A9: AR | B9: Spring | C9: 92 | D9: =A9&"|"&B9 -> AR|Spring
A10: AR | B10: Summer | C10: 56 | D10: =A10&"|"&B10 -> AR|Summer
A11: AR | B11: Fall | C11: 146 | D11: =A11&"|"&B11 -> AR|Fall
A12: AR | B12: Summer Peak | C12: 20 | D12: =A12&"|"&B12 -> AR|Summer Peak
A13: AR | B13: Winter Peak | C13: 16 | D13: =A13&"|"&B13 -> AR|Winter Peak
... A289: WY | B289: Winter Peak | C289: 9 | D289: =A289&"|"&B289 -> WY|Winter Peak

Sheet SYSHECF
A1: state | B1: tech | C1: timeslice | D1: Hour0 | E1: Hour1 | F1: Hour2 | G1: Hour3 | H1: Hour4 | I1: Hour5 | J1: Hour6 | K1: Hour7 | L1: Hour8 | M1: Hour9 | N1: Hour10 | O1: Hour11 | P1: Hour12 | Q1: Hour13 | R1: Hour14 | S1: Hour15 | T1: Hour16 | U1: Hour17 | V1: Hour18 | W1: Hour19 | X1: Hour20 | Y1: Hour21 | Z1: Hour22 | AA1: Hour23 | AB1: sum_24h | AC1: days | AD1: cf_hours (=sum x days) | AE1: max_24h
A2: AL | B2: biomass ccs | C2: Winter | D2: 0.8 | E2: 0.8 | F2: 0.8 | G2: 0.8 | H2: 0.8 | I2: 0.8 | J2: 0.8 | K2: 0.8 | L2: 0.8 | M2: 0.8 | N2: 0.8 | O2: 0.8 | P2: 0.8 | Q2: 0.8 | R2: 0.8 | S2: 0.8 | T2: 0.8 | U2: 0.8 | V2: 0.8 | W2: 0.8 | X2: 0.8 | Y2: 0.8 | Z2: 0.8 | AA2: 0.8 | AB2: =SUM(D2:AA2) -> 19.2 | AC2: =INDEX(SHELF_days!$C$2:$C$289,MATCH(A2&"|"&C2,SHELF_days!$D$2:$D$289,0)) -> 37 | AD2: =AB2*AC2 -> 710.4 | AE2: =MAX(D2:AA2) -> 0.8
A3: AL | B3: biomass ccs | C3: Spring | D3: 0.8 | E3: 0.8 | F3: 0.8 | G3: 0.8 | H3: 0.8 | I3: 0.8 | J3: 0.8 | K3: 0.8 | L3: 0.8 | M3: 0.8 | N3: 0.8 | O3: 0.8 | P3: 0.8 | Q3: 0.8 | R3: 0.8 | S3: 0.8 | T3: 0.8 | U3: 0.8 | V3: 0.8 | W3: 0.8 | X3: 0.8 | Y3: 0.8 | Z3: 0.8 | AA3: 0.8 | AB3: =SUM(D3:AA3) -> 19.2 | AC3: =INDEX(SHELF_days!$C$2:$C$289,MATCH(A3&"|"&C3,SHELF_days!$D$2:$D$289,0)) -> 145 | AD3: =AB3*AC3 -> 2784 | AE3: =MAX(D3:AA3) -> 0.8
A4: AL | B4: biomass ccs | C4: Summer | D4: 0.8 | E4: 0.8 | F4: 0.8 | G4: 0.8 | H4: 0.8 | I4: 0.8 | J4: 0.8 | K4: 0.8 | L4: 0.8 | M4: 0.8 | N4: 0.8 | O4: 0.8 | P4: 0.8 | Q4: 0.8 | R4: 0.8 | S4: 0.8 | T4: 0.8 | U4: 0.8 | V4: 0.8 | W4: 0.8 | X4: 0.8 | Y4: 0.8 | Z4: 0.8 | AA4: 0.8 | AB4: =SUM(D4:AA4) -> 19.2 | AC4: =INDEX(SHELF_days!$C$2:$C$289,MATCH(A4&"|"&C4,SHELF_days!$D$2:$D$289,0)) -> 70 | AD4: =AB4*AC4 -> 1344 | AE4: =MAX(D4:AA4) -> 0.8
A5: AL | B5: biomass ccs | C5: Fall | D5: 0.8 | E5: 0.8 | F5: 0.8 | G5: 0.8 | H5: 0.8 | I5: 0.8 | J5: 0.8 | K5: 0.8 | L5: 0.8 | M5: 0.8 | N5: 0.8 | O5: 0.8 | P5: 0.8 | Q5: 0.8 | R5: 0.8 | S5: 0.8 | T5: 0.8 | U5: 0.8 | V5: 0.8 | W5: 0.8 | X5: 0.8 | Y5: 0.8 | Z5: 0.8 | AA5: 0.8 | AB5: =SUM(D5:AA5) -> 19.2 | AC5: =INDEX(SHELF_days!$C$2:$C$289,MATCH(A5&"|"&C5,SHELF_days!$D$2:$D$289,0)) -> 96 | AD5: =AB5*AC5 -> 1843.2 | AE5: =MAX(D5:AA5) -> 0.8
A6: AL | B6: biomass ccs | C6: Summer Peak | D6: 0.8 | E6: 0.8 | F6: 0.8 | G6: 0.8 | H6: 0.8 | I6: 0.8 | J6: 0.8 | K6: 0.8 | L6: 0.8 | M6: 0.8 | N6: 0.8 | O6: 0.8 | P6: 0.8 | Q6: 0.8 | R6: 0.8 | S6: 0.8 | T6: 0.8 | U6: 0.8 | V6: 0.8 | W6: 0.8 | X6: 0.8 | Y6: 0.8 | Z6: 0.8 | AA6: 0.8 | AB6: =SUM(D6:AA6) -> 19.2 | AC6: =INDEX(SHELF_days!$C$2:$C$289,MATCH(A6&"|"&C6,SHELF_days!$D$2:$D$289,0)) -> 14 | AD6: =AB6*AC6 -> 268.8 | AE6: =MAX(D6:AA6) -> 0.8
A7: AL | B7: biomass ccs | C7: Winter Peak | D7: 0.8 | E7: 0.8 | F7: 0.8 | G7: 0.8 | H7: 0.8 | I7: 0.8 | J7: 0.8 | K7: 0.8 | L7: 0.8 | M7: 0.8 | N7: 0.8 | O7: 0.8 | P7: 0.8 | Q7: 0.8 | R7: 0.8 | S7: 0.8 | T7: 0.8 | U7: 0.8 | V7: 0.8 | W7: 0.8 | X7: 0.8 | Y7: 0.8 | Z7: 0.8 | AA7: 0.8 | AB7: =SUM(D7:AA7) -> 19.2 | AC7: =INDEX(SHELF_days!$C$2:$C$289,MATCH(A7&"|"&C7,SHELF_days!$D$2:$D$289,0)) -> 3 | AD7: =AB7*AC7 -> 57.6 | AE7: =MAX(D7:AA7) -> 0.8
A8: AL | B8: biomass | C8: Winter | D8: 0.5102 | E8: 0.5102 | F8: 0.5102 | G8: 0.5102 | H8: 0.5102 | I8: 0.5102 | J8: 0.5102 | K8: 0.5102 | L8: 0.5102 | M8: 0.5102 | N8: 0.5102 | O8: 0.5102 | P8: 0.5102 | Q8: 0.5102 | R8: 0.5102 | S8: 0.5102 | T8: 0.5102 | U8: 0.5102 | V8: 0.5102 | W8: 0.5102 | X8: 0.5102 | Y8: 0.5102 | Z8: 0.5102 | AA8: 0.5102 | AB8: =SUM(D8:AA8) -> 12.2448 | AC8: =INDEX(SHELF_days!$C$2:$C$289,MATCH(A8&"|"&C8,SHELF_days!$D$2:$D$289,0)) -> 37 | AD8: =AB8*AC8 -> 453.0576 | AE8: =MAX(D8:AA8) -> 0.5102
A9: AL | B9: biomass | C9: Spring | D9: 0.5102 | E9: 0.5102 | F9: 0.5102 | G9: 0.5102 | H9: 0.5102 | I9: 0.5102 | J9: 0.5102 | K9: 0.5102 | L9: 0.5102 | M9: 0.5102 | N9: 0.5102 | O9: 0.5102 | P9: 0.5102 | Q9: 0.5102 | R9: 0.5102 | S9: 0.5102 | T9: 0.5102 | U9: 0.5102 | V9: 0.5102 | W9: 0.5102 | X9: 0.5102 | Y9: 0.5102 | Z9: 0.5102 | AA9: 0.5102 | AB9: =SUM(D9:AA9) -> 12.2448 | AC9: =INDEX(SHELF_days!$C$2:$C$289,MATCH(A9&"|"&C9,SHELF_days!$D$2:$D$289,0)) -> 145 | AD9: =AB9*AC9 -> 1775.496 | AE9: =MAX(D9:AA9) -> 0.5102
A10: AL | B10: biomass | C10: Summer | D10: 0.5102 | E10: 0.5102 | F10: 0.5102 | G10: 0.5102 | H10: 0.5102 | I10: 0.5102 | J10: 0.5102 | K10: 0.5102 | L10: 0.5102 | M10: 0.5102 | N10: 0.5102 | O10: 0.5102 | P10: 0.5102 | Q10: 0.5102 | R10: 0.5102 | S10: 0.5102 | T10: 0.5102 | U10: 0.5102 | V10: 0.5102 | W10: 0.5102 | X10: 0.5102 | Y10: 0.5102 | Z10: 0.5102 | AA10: 0.5102 | AB10: =SUM(D10:AA10) -> 12.2448 | AC10: =INDEX(SHELF_days!$C$2:$C$289,MATCH(A10&"|"&C10,SHELF_days!$D$2:$D$289,0)) -> 70 | AD10: =AB10*AC10 -> 857.136 | AE10: =MAX(D10:AA10) -> 0.5102
A11: AL | B11: biomass | C11: Fall | D11: 0.5102 | E11: 0.5102 | F11: 0.5102 | G11: 0.5102 | H11: 0.5102 | I11: 0.5102 | J11: 0.5102 | K11: 0.5102 | L11: 0.5102 | M11: 0.5102 | N11: 0.5102 | O11: 0.5102 | P11: 0.5102 | Q11: 0.5102 | R11: 0.5102 | S11: 0.5102 | T11: 0.5102 | U11: 0.5102 | V11: 0.5102 | W11: 0.5102 | X11: 0.5102 | Y11: 0.5102 | Z11: 0.5102 | AA11: 0.5102 | AB11: =SUM(D11:AA11) -> 12.2448 | AC11: =INDEX(SHELF_days!$C$2:$C$289,MATCH(A11&"|"&C11,SHELF_days!$D$2:$D$289,0)) -> 96 | AD11: =AB11*AC11 -> 1175.5008 | AE11: =MAX(D11:AA11) -> 0.5102
A12: AL | B12: biomass | C12: Summer Peak | D12: 0.5102 | E12: 0.5102 | F12: 0.5102 | G12: 0.5102 | H12: 0.5102 | I12: 0.5102 | J12: 0.5102 | K12: 0.5102 | L12: 0.5102 | M12: 0.5102 | N12: 0.5102 | O12: 0.5102 | P12: 0.5102 | Q12: 0.5102 | R12: 0.5102 | S12: 0.5102 | T12: 0.5102 | U12: 0.5102 | V12: 0.5102 | W12: 0.5102 | X12: 0.5102 | Y12: 0.5102 | Z12: 0.5102 | AA12: 0.5102 | AB12: =SUM(D12:AA12) -> 12.2448 | AC12: =INDEX(SHELF_days!$C$2:$C$289,MATCH(A12&"|"&C12,SHELF_days!$D$2:$D$289,0)) -> 14 | AD12: =AB12*AC12 -> 171.4272 | AE12: =MAX(D12:AA12) -> 0.5102
A13: AL | B13: biomass | C13: Winter Peak | D13: 0.5102 | E13: 0.5102 | F13: 0.5102 | G13: 0.5102 | H13: 0.5102 | I13: 0.5102 | J13: 0.5102 | K13: 0.5102 | L13: 0.5102 | M13: 0.5102 | N13: 0.5102 | O13: 0.5102 | P13: 0.5102 | Q13: 0.5102 | R13: 0.5102 | S13: 0.5102 | T13: 0.5102 | U13: 0.5102 | V13: 0.5102 | W13: 0.5102 | X13: 0.5102 | Y13: 0.5102 | Z13: 0.5102 | AA13: 0.5102 | AB13: =SUM(D13:AA13) -> 12.2448 | AC13: =INDEX(SHELF_days!$C$2:$C$289,MATCH(A13&"|"&C13,SHELF_days!$D$2:$D$289,0)) -> 3 | AD13: =AB13*AC13 -> 36.7344 | AE13: =MAX(D13:AA13) -> 0.5102
... A7489: WY | B7489: natural gas steam turbine | C7489: Winter Peak | D7489: 0.3247 | E7489: 0.3247 | F7489: 0.3247 | G7489: 0.3247 | H7489: 0.3247 | I7489: 0.3247 | J7489: 0.3247 | K7489: 0.3247 | L7489: 0.3247 | M7489: 0.3247 | N7489: 0.3247 | O7489: 0.3247 | P7489: 0.3247 | Q7489: 0.3247 | R7489: 0.3247 | S7489: 0.3247 | T7489: 0.3247 | U7489: 0.3247 | V7489: 0.3247 | W7489: 0.3247 | X7489: 0.3247 | Y7489: 0.3247 | Z7489: 0.3247 | AA7489: 0.3247 | AB7489: =SUM(D7489:AA7489) -> 7.7928 | AC7489: =INDEX(SHELF_days!$C$2:$C$289,MATCH(A7489&"|"&C7489,SHELF_days!$D$2:$D$289,0)) -> 9 | AD7489: =AB7489*AC7489 -> 70.1352 | AE7489: =MAX(D7489:AA7489) -> 0.3247

Sheet EIA_2025
A1: state | B1: eps_tech | C1: gen_2025_twh (923ER) | D1: cap_2025_gw (860ER net summer) | E1: key (state|tech)
A2: AL | B2: biomass | C2: 0.0243 | D2: 0.0064 | E2: =A2&"|"&B2 -> AL|biomass
A3: AL | B3: hard coal | C3: 21.6615 | D3: 4.728 | E3: =A3&"|"&B3 -> AL|hard coal
A4: AL | B4: hydro | C4: 8.5829 | D4: 3.2906 | E4: =A4&"|"&B4 -> AL|hydro
A5: AL | B5: natural gas combined cycle | C5: 59.151 | D5: 11.072 | E5: =A5&"|"&B5 -> AL|natural gas combined cycle
A6: AL | B6: natural gas peaker | C6: 1.2251 | D6: 3.2452 | E6: =A6&"|"&B6 -> AL|natural gas peaker
A7: AL | B7: natural gas steam turbine | C7: 3.4291 | D7: 1.6961 | E7: =A7&"|"&B7 -> AL|natural gas steam turbine
A8: AL | B8: nuclear | C8: 42.6727 | D8: 5.4527 | E8: =A8&"|"&B8 -> AL|nuclear
A9: AL | B9: other | C9: -0.0024 | D9: 0.001 | E9: =A9&"|"&B9 -> AL|other
A10: AL | B10: petroleum | C10: 0.0075 | D10: 0.0426 | E10: =A10&"|"&B10 -> AL|petroleum
A11: AL | B11: solar pv | C11: 1.3233 | D11: 0.7435 | E11: =A11&"|"&B11 -> AL|solar pv
A12: AR | B12: biomass | C12: 0.0298 | D12: 0.0088 | E12: =A12&"|"&B12 -> AR|biomass
A13: AR | B13: hard coal | C13: 20.3432 | D13: 4.7427 | E13: =A13&"|"&B13 -> AR|hard coal
... A530: WY | B530: solar pv | C530: 0.496 | D530: 0.242 | E530: =A530&"|"&B530 -> WY|solar pv

Sheet EIA_2024
A1: state | B1: eps_tech | C1: basis | D1: gen_2024_twh (923 via BHRaSYC) | E1: cap_2024_gw (860 net summer via BHRaSYC) | F1: key (state|tech)
A2: AL | B2: biomass | C2: BHRaSYC 2024 (tech-level) | D2: 0.0368 | E2: 0.0064 | F2: =A2&"|"&B2 -> AL|biomass
A3: AL | B3: hard coal | C3: BHRaSYC 2024 (tech-level) | D3: 20.9362 | E3: 4.728 | F3: =A3&"|"&B3 -> AL|hard coal
A4: AL | B4: hydro | C4: BHRaSYC 2024 (tech-level) | D4: 8.3573 | E4: 3.2906 | F4: =A4&"|"&B4 -> AL|hydro
A5: AL | B5: natural gas combined cycle | C5: BHRaSYC 2024 (tech-level) | D5: 58.5823 | E5: 11.072 | F5: =A5&"|"&B5 -> AL|natural gas combined cycle
A6: AL | B6: natural gas peaker | C6: BHRaSYC 2024 (tech-level) | D6: 1.0923 | E6: 3.2202 | F6: =A6&"|"&B6 -> AL|natural gas peaker
A7: AL | B7: natural gas steam turbine | C7: BHRaSYC 2024 (tech-level) | D7: 3.1471 | E7: 1.6961 | F7: =A7&"|"&B7 -> AL|natural gas steam turbine
A8: AL | B8: nuclear | C8: BHRaSYC 2024 (tech-level) | D8: 44.4872 | E8: 5.4527 | F8: =A8&"|"&B8 -> AL|nuclear
A9: AL | B9: other | C9: BHRaSYC 2024 (tech-level) | D9: -0.0016 | E9: 0.026 | F9: =A9&"|"&B9 -> AL|other
A10: AL | B10: petroleum | C10: BHRaSYC 2024 (tech-level) | D10: 0.0034 | E10: 0.0426 | F10: =A10&"|"&B10 -> AL|petroleum
A11: AL | B11: solar pv | C11: BHRaSYC 2024 (tech-level) | D11: 1.2551 | E11: 0.6635 | F11: =A11&"|"&B11 -> AL|solar pv
A12: AR | B12: biomass | C12: BHRaSYC 2024 (tech-level) | D12: 0.0272 | E12: 0.0088 | F12: =A12&"|"&B12 -> AR|biomass
A13: AR | B13: hard coal | C13: BHRaSYC 2024 (tech-level) | D13: 15.628 | E13: 4.7296 | F13: =A13&"|"&B13 -> AR|hard coal
... A514: WY | B514: solar pv | C514: BHRaSYC 2024 (tech-level) | D514: 0.4231 | E514: 0.242 | F514: =A514&"|"&B514 -> WY|solar pv

Sheet CF_summary
A1: state | B1: tech | C1: check type | D1: EPS avg CF (day-weighted) | E1: EIA CF 2024 | F1: EIA CF 2025 | G1: EIA 2024 / EPS | H1: EIA 2025 / EPS | I1: gen 2024 (TWh) | J1: cap 2024 (GW) | K1: gen 2025 (TWh) | L1: cap 2025 (GW) | M1: 2024 basis | N1: key (state|tech) | O1: max hourly CF (SYSHECF) | P1: over (ratio x max hourly > 100%)
A2: AL | B2: biomass | C2: ceiling check | D2: =SUMIFS(SYSHECF!$AD$2:$AD$7489,SYSHECF!$A$2:$A$7489,$A2,SYSHECF!$B$2:$B$7489,$B2)/8760 -> 0.5102 | E2: =IF(OR($J2="",$J2=0),"",$I2*1000/($J2*8760)) -> 0.65639269 | F2: =IF(OR($L2="",$L2=0),"",$K2*1000/($L2*8760)) -> 0.43343322 | G2: =IF(OR($E2="",$D2=0),"",$E2/$D2) -> 1.28654 | H2: =IF(OR($F2="",$D2=0),"",$F2/$D2) -> 0.84953591 | I2: =IFERROR(INDEX(EIA_2024!$D$2:$D$514,MATCH($A2&"|"&$B2,EIA_2024!$F$2:$F$514,0)),"") -> 0.0368 | J2: =IFERROR(INDEX(EIA_2024!$E$2:$E$514,MATCH($A2&"|"&$B2,EIA_2024!$F$2:$F$514,0)),"") -> 0.0064 | K2: =IFERROR(INDEX(EIA_2025!$C$2:$C$530,MATCH($A2&"|"&$B2,EIA_2025!$E$2:$E$530,0)),"") -> 0.0243 | L2: =IFERROR(INDEX(EIA_2025!$D$2:$D$530,MATCH($A2&"|"&$B2,EIA_2025!$E$2:$E$530,0)),"") -> 0.0064 | M2: =IFERROR(INDEX(EIA_2024!$C$2:$C$514,MATCH($A2&"|"&$B2,EIA_2024!$F$2:$F$514,0)),"") -> BHRaSYC 2024 (tech-level) | N2: =A2&"|"&B2 -> AL|biomass | O2: =IFERROR(_xludf.MAXIFS(SYSHECF!$AE$2:$AE$7489,SYSHECF!$A$2:$A$7489,$A2,SYSHECF!$B$2:$B$7489,$B2),"") | P2: =IF(AND($H2<>"",$O2<>"",$H2*$O2>1),"over","") -> #VALUE!
A3: AL | B3: geothermal | C3: level check | D3: =SUMIFS(SYSHECF!$AD$2:$AD$7489,SYSHECF!$A$2:$A$7489,$A3,SYSHECF!$B$2:$B$7489,$B3)/8760 -> 0.6595 | E3: =IF(OR($J3="",$J3=0),"",$I3*1000/($J3*8760)) | F3: =IF(OR($L3="",$L3=0),"",$K3*1000/($L3*8760)) | G3: =IF(OR($E3="",$D3=0),"",$E3/$D3) | H3: =IF(OR($F3="",$D3=0),"",$F3/$D3) | I3: =IFERROR(INDEX(EIA_2024!$D$2:$D$514,MATCH($A3&"|"&$B3,EIA_2024!$F$2:$F$514,0)),"") | J3: =IFERROR(INDEX(EIA_2024!$E$2:$E$514,MATCH($A3&"|"&$B3,EIA_2024!$F$2:$F$514,0)),"") | K3: =IFERROR(INDEX(EIA_2025!$C$2:$C$530,MATCH($A3&"|"&$B3,EIA_2025!$E$2:$E$530,0)),"") | L3: =IFERROR(INDEX(EIA_2025!$D$2:$D$530,MATCH($A3&"|"&$B3,EIA_2025!$E$2:$E$530,0)),"") | M3: =IFERROR(INDEX(EIA_2024!$C$2:$C$514,MATCH($A3&"|"&$B3,EIA_2024!$F$2:$F$514,0)),"") | N3: =A3&"|"&B3 -> AL|geothermal | O3: =IFERROR(_xludf.MAXIFS(SYSHECF!$AE$2:$AE$7489,SYSHECF!$A$2:$A$7489,$A3,SYSHECF!$B$2:$B$7489,$B3),"") | P3: =IF(AND($H3<>"",$O3<>"",$H3*$O3>1),"over","") -> #VALUE!
A4: AL | B4: hard coal | C4: ceiling check | D4: =SUMIFS(SYSHECF!$AD$2:$AD$7489,SYSHECF!$A$2:$A$7489,$A4,SYSHECF!$B$2:$B$7489,$B4)/8760 -> 0.5143 | E4: =IF(OR($J4="",$J4=0),"",$I4*1000/($J4*8760)) -> 0.50549433 | F4: =IF(OR($L4="",$L4=0),"",$K4*1000/($L4*8760)) -> 0.52300634 | G4: =IF(OR($E4="",$D4=0),"",$E4/$D4) -> 0.98287833 | H4: =IF(OR($F4="",$D4=0),"",$F4/$D4) -> 1.0169285 | I4: =IFERROR(INDEX(EIA_2024!$D$2:$D$514,MATCH($A4&"|"&$B4,EIA_2024!$F$2:$F$514,0)),"") -> 20.9362 | J4: =IFERROR(INDEX(EIA_2024!$E$2:$E$514,MATCH($A4&"|"&$B4,EIA_2024!$F$2:$F$514,0)),"") -> 4.728 | K4: =IFERROR(INDEX(EIA_2025!$C$2:$C$530,MATCH($A4&"|"&$B4,EIA_2025!$E$2:$E$530,0)),"") -> 21.6615 | L4: =IFERROR(INDEX(EIA_2025!$D$2:$D$530,MATCH($A4&"|"&$B4,EIA_2025!$E$2:$E$530,0)),"") -> 4.728 | M4: =IFERROR(INDEX(EIA_2024!$C$2:$C$514,MATCH($A4&"|"&$B4,EIA_2024!$F$2:$F$514,0)),"") -> BHRaSYC 2024 (tech-level) | N4: =A4&"|"&B4 -> AL|hard coal | O4: =IFERROR(_xludf.MAXIFS(SYSHECF!$AE$2:$AE$7489,SYSHECF!$A$2:$A$7489,$A4,SYSHECF!$B$2:$B$7489,$B4),"") | P4: =IF(AND($H4<>"",$O4<>"",$H4*$O4>1),"over","") -> #VALUE!
A5: AL | B5: hydro | C5: level check | D5: =SUMIFS(SYSHECF!$AD$2:$AD$7489,SYSHECF!$A$2:$A$7489,$A5,SYSHECF!$B$2:$B$7489,$B5)/8760 -> 0.2938 | E5: =IF(OR($J5="",$J5=0),"",$I5*1000/($J5*8760)) -> 0.28992575 | F5: =IF(OR($L5="",$L5=0),"",$K5*1000/($L5*8760)) -> 0.29775211 | G5: =IF(OR($E5="",$D5=0),"",$E5/$D5) -> 0.98681332 | H5: =IF(OR($F5="",$D5=0),"",$F5/$D5) -> 1.0134517 | I5: =IFERROR(INDEX(EIA_2024!$D$2:$D$514,MATCH($A5&"|"&$B5,EIA_2024!$F$2:$F$514,0)),"") -> 8.3573 | J5: =IFERROR(INDEX(EIA_2024!$E$2:$E$514,MATCH($A5&"|"&$B5,EIA_2024!$F$2:$F$514,0)),"") -> 3.2906 | K5: =IFERROR(INDEX(EIA_2025!$C$2:$C$530,MATCH($A5&"|"&$B5,EIA_2025!$E$2:$E$530,0)),"") -> 8.5829 | L5: =IFERROR(INDEX(EIA_2025!$D$2:$D$530,MATCH($A5&"|"&$B5,EIA_2025!$E$2:$E$530,0)),"") -> 3.2906 | M5: =IFERROR(INDEX(EIA_2024!$C$2:$C$514,MATCH($A5&"|"&$B5,EIA_2024!$F$2:$F$514,0)),"") -> BHRaSYC 2024 (tech-level) | N5: =A5&"|"&B5 -> AL|hydro | O5: =IFERROR(_xludf.MAXIFS(SYSHECF!$AE$2:$AE$7489,SYSHECF!$A$2:$A$7489,$A5,SYSHECF!$B$2:$B$7489,$B5),"") | P5: =IF(AND($H5<>"",$O5<>"",$H5*$O5>1),"over","") -> #VALUE!
A6: AL | B6: lignite | C6: ceiling check | D6: =SUMIFS(SYSHECF!$AD$2:$AD$7489,SYSHECF!$A$2:$A$7489,$A6,SYSHECF!$B$2:$B$7489,$B6)/8760 -> 0.638 | E6: =IF(OR($J6="",$J6=0),"",$I6*1000/($J6*8760)) | F6: =IF(OR($L6="",$L6=0),"",$K6*1000/($L6*8760)) | G6: =IF(OR($E6="",$D6=0),"",$E6/$D6) | H6: =IF(OR($F6="",$D6=0),"",$F6/$D6) | I6: =IFERROR(INDEX(EIA_2024!$D$2:$D$514,MATCH($A6&"|"&$B6,EIA_2024!$F$2:$F$514,0)),"") | J6: =IFERROR(INDEX(EIA_2024!$E$2:$E$514,MATCH($A6&"|"&$B6,EIA_2024!$F$2:$F$514,0)),"") | K6: =IFERROR(INDEX(EIA_2025!$C$2:$C$530,MATCH($A6&"|"&$B6,EIA_2025!$E$2:$E$530,0)),"") | L6: =IFERROR(INDEX(EIA_2025!$D$2:$D$530,MATCH($A6&"|"&$B6,EIA_2025!$E$2:$E$530,0)),"") | M6: =IFERROR(INDEX(EIA_2024!$C$2:$C$514,MATCH($A6&"|"&$B6,EIA_2024!$F$2:$F$514,0)),"") | N6: =A6&"|"&B6 -> AL|lignite | O6: =IFERROR(_xludf.MAXIFS(SYSHECF!$AE$2:$AE$7489,SYSHECF!$A$2:$A$7489,$A6,SYSHECF!$B$2:$B$7489,$B6),"") | P6: =IF(AND($H6<>"",$O6<>"",$H6*$O6>1),"over","") -> #VALUE!
A7: AL | B7: municipal solid waste | C7: ceiling check | D7: =SUMIFS(SYSHECF!$AD$2:$AD$7489,SYSHECF!$A$2:$A$7489,$A7,SYSHECF!$B$2:$B$7489,$B7)/8760 -> 0.7342 | E7: =IF(OR($J7="",$J7=0),"",$I7*1000/($J7*8760)) | F7: =IF(OR($L7="",$L7=0),"",$K7*1000/($L7*8760)) | G7: =IF(OR($E7="",$D7=0),"",$E7/$D7) | H7: =IF(OR($F7="",$D7=0),"",$F7/$D7) | I7: =IFERROR(INDEX(EIA_2024!$D$2:$D$514,MATCH($A7&"|"&$B7,EIA_2024!$F$2:$F$514,0)),"") | J7: =IFERROR(INDEX(EIA_2024!$E$2:$E$514,MATCH($A7&"|"&$B7,EIA_2024!$F$2:$F$514,0)),"") | K7: =IFERROR(INDEX(EIA_2025!$C$2:$C$530,MATCH($A7&"|"&$B7,EIA_2025!$E$2:$E$530,0)),"") | L7: =IFERROR(INDEX(EIA_2025!$D$2:$D$530,MATCH($A7&"|"&$B7,EIA_2025!$E$2:$E$530,0)),"") | M7: =IFERROR(INDEX(EIA_2024!$C$2:$C$514,MATCH($A7&"|"&$B7,EIA_2024!$F$2:$F$514,0)),"") | N7: =A7&"|"&B7 -> AL|municipal solid waste | O7: =IFERROR(_xludf.MAXIFS(SYSHECF!$AE$2:$AE$7489,SYSHECF!$A$2:$A$7489,$A7,SYSHECF!$B$2:$B$7489,$B7),"") | P7: =IF(AND($H7<>"",$O7<>"",$H7*$O7>1),"over","") -> #VALUE!
A8: AL | B8: natural gas combined cycle | C8: ceiling check | D8: =SUMIFS(SYSHECF!$AD$2:$AD$7489,SYSHECF!$A$2:$A$7489,$A8,SYSHECF!$B$2:$B$7489,$B8)/8760 -> 0.6069 | E8: =IF(OR($J8="",$J8=0),"",$I8*1000/($J8*8760)) -> 0.60399902 | F8: =IF(OR($L8="",$L8=0),"",$K8*1000/($L8*8760)) -> 0.60986247 | G8: =IF(OR($E8="",$D8=0),"",$E8/$D8) -> 0.99522001 | H8: =IF(OR($F8="",$D8=0),"",$F8/$D8) -> 1.0048813 | I8: =IFERROR(INDEX(EIA_2024!$D$2:$D$514,MATCH($A8&"|"&$B8,EIA_2024!$F$2:$F$514,0)),"") -> 58.5823 | J8: =IFERROR(INDEX(EIA_2024!$E$2:$E$514,MATCH($A8&"|"&$B8,EIA_2024!$F$2:$F$514,0)),"") -> 11.072 | K8: =IFERROR(INDEX(EIA_2025!$C$2:$C$530,MATCH($A8&"|"&$B8,EIA_2025!$E$2:$E$530,0)),"") -> 59.151 | L8: =IFERROR(INDEX(EIA_2025!$D$2:$D$530,MATCH($A8&"|"&$B8,EIA_2025!$E$2:$E$530,0)),"") -> 11.072 | M8: =IFERROR(INDEX(EIA_2024!$C$2:$C$514,MATCH($A8&"|"&$B8,EIA_2024!$F$2:$F$514,0)),"") -> BHRaSYC 2024 (tech-level) | N8: =A8&"|"&B8 -> AL|natural gas combined cycle | O8: =IFERROR(_xludf.MAXIFS(SYSHECF!$AE$2:$AE$7489,SYSHECF!$A$2:$A$7489,$A8,SYSHECF!$B$2:$B$7489,$B8),"") | P8: =IF(AND($H8<>"",$O8<>"",$H8*$O8>1),"over","") -> #VALUE!
A9: AL | B9: natural gas peaker | C9: ceiling check | D9: =SUMIFS(SYSHECF!$AD$2:$AD$7489,SYSHECF!$A$2:$A$7489,$A9,SYSHECF!$B$2:$B$7489,$B9)/8760 -> 0.0409 | E9: =IF(OR($J9="",$J9=0),"",$I9*1000/($J9*8760)) -> 0.03872175 | F9: =IF(OR($L9="",$L9=0),"",$K9*1000/($L9*8760)) -> 0.043094909 | G9: =IF(OR($E9="",$D9=0),"",$E9/$D9) -> 0.94674206 | H9: =IF(OR($F9="",$D9=0),"",$F9/$D9) -> 1.0536653 | I9: =IFERROR(INDEX(EIA_2024!$D$2:$D$514,MATCH($A9&"|"&$B9,EIA_2024!$F$2:$F$514,0)),"") -> 1.0923 | J9: =IFERROR(INDEX(EIA_2024!$E$2:$E$514,MATCH($A9&"|"&$B9,EIA_2024!$F$2:$F$514,0)),"") -> 3.2202 | K9: =IFERROR(INDEX(EIA_2025!$C$2:$C$530,MATCH($A9&"|"&$B9,EIA_2025!$E$2:$E$530,0)),"") -> 1.2251 | L9: =IFERROR(INDEX(EIA_2025!$D$2:$D$530,MATCH($A9&"|"&$B9,EIA_2025!$E$2:$E$530,0)),"") -> 3.2452 | M9: =IFERROR(INDEX(EIA_2024!$C$2:$C$514,MATCH($A9&"|"&$B9,EIA_2024!$F$2:$F$514,0)),"") -> BHRaSYC 2024 (tech-level) | N9: =A9&"|"&B9 -> AL|natural gas peaker | O9: =IFERROR(_xludf.MAXIFS(SYSHECF!$AE$2:$AE$7489,SYSHECF!$A$2:$A$7489,$A9,SYSHECF!$B$2:$B$7489,$B9),"") | P9: =IF(AND($H9<>"",$O9<>"",$H9*$O9>1),"over","") -> #VALUE!
A10: AL | B10: natural gas steam turbine | C10: ceiling check | D10: =SUMIFS(SYSHECF!$AD$2:$AD$7489,SYSHECF!$A$2:$A$7489,$A10,SYSHECF!$B$2:$B$7489,$B10)/8760 -> 0.2213 | E10: =IF(OR($J10="",$J10=0),"",$I10*1000/($J10*8760)) -> 0.21181416 | F10: =IF(OR($L10="",$L10=0),"",$K10*1000/($L10*8760)) -> 0.23079404 | G10: =IF(OR($E10="",$D10=0),"",$E10/$D10) -> 0.95713582 | H10: =IF(OR($F10="",$D10=0),"",$F10/$D10) -> 1.0429012 | I10: =IFERROR(INDEX(EIA_2024!$D$2:$D$514,MATCH($A10&"|"&$B10,EIA_2024!$F$2:$F$514,0)),"") -> 3.1471 | J10: =IFERROR(INDEX(EIA_2024!$E$2:$E$514,MATCH($A10&"|"&$B10,EIA_2024!$F$2:$F$514,0)),"") -> 1.6961 | K10: =IFERROR(INDEX(EIA_2025!$C$2:$C$530,MATCH($A10&"|"&$B10,EIA_2025!$E$2:$E$530,0)),"") -> 3.4291 | L10: =IFERROR(INDEX(EIA_2025!$D$2:$D$530,MATCH($A10&"|"&$B10,EIA_2025!$E$2:$E$530,0)),"") -> 1.6961 | M10: =IFERROR(INDEX(EIA_2024!$C$2:$C$514,MATCH($A10&"|"&$B10,EIA_2024!$F$2:$F$514,0)),"") -> BHRaSYC 2024 (tech-level) | N10: =A10&"|"&B10 -> AL|natural gas steam turbine | O10: =IFERROR(_xludf.MAXIFS(SYSHECF!$AE$2:$AE$7489,SYSHECF!$A$2:$A$7489,$A10,SYSHECF!$B$2:$B$7489,$B10),"") | P10: =IF(AND($H10<>"",$O10<>"",$H10*$O10>1),"over","") -> #VALUE!
A11: AL | B11: nuclear | C11: level check | D11: =SUMIFS(SYSHECF!$AD$2:$AD$7489,SYSHECF!$A$2:$A$7489,$A11,SYSHECF!$B$2:$B$7489,$B11)/8760 -> 0.9124 | E11: =IF(OR($J11="",$J11=0),"",$I11*1000/($J11*8760)) -> 0.93136382 | F11: =IF(OR($L11="",$L11=0),"",$K11*1000/($L11*8760)) -> 0.89337627 | G11: =IF(OR($E11="",$D11=0),"",$E11/$D11) -> 1.0207845 | H11: =IF(OR($F11="",$D11=0),"",$F11/$D11) -> 0.97914979 | I11: =IFERROR(INDEX(EIA_2024!$D$2:$D$514,MATCH($A11&"|"&$B11,EIA_2024!$F$2:$F$514,0)),"") -> 44.4872 | J11: =IFERROR(INDEX(EIA_2024!$E$2:$E$514,MATCH($A11&"|"&$B11,EIA_2024!$F$2:$F$514,0)),"") -> 5.4527 | K11: =IFERROR(INDEX(EIA_2025!$C$2:$C$530,MATCH($A11&"|"&$B11,EIA_2025!$E$2:$E$530,0)),"") -> 42.6727 | L11: =IFERROR(INDEX(EIA_2025!$D$2:$D$530,MATCH($A11&"|"&$B11,EIA_2025!$E$2:$E$530,0)),"") -> 5.4527 | M11: =IFERROR(INDEX(EIA_2024!$C$2:$C$514,MATCH($A11&"|"&$B11,EIA_2024!$F$2:$F$514,0)),"") -> BHRaSYC 2024 (tech-level) | N11: =A11&"|"&B11 -> AL|nuclear | O11: =IFERROR(_xludf.MAXIFS(SYSHECF!$AE$2:$AE$7489,SYSHECF!$A$2:$A$7489,$A11,SYSHECF!$B$2:$B$7489,$B11),"") | P11: =IF(AND($H11<>"",$O11<>"",$H11*$O11>1),"over","") -> #VALUE!
A12: AL | B12: offshore wind | C12: level check | D12: =SUMIFS(SYSHECF!$AD$2:$AD$7489,SYSHECF!$A$2:$A$7489,$A12,SYSHECF!$B$2:$B$7489,$B12)/8760 -> 0.34286005 | E12: =IF(OR($J12="",$J12=0),"",$I12*1000/($J12*8760)) | F12: =IF(OR($L12="",$L12=0),"",$K12*1000/($L12*8760)) | G12: =IF(OR($E12="",$D12=0),"",$E12/$D12) | H12: =IF(OR($F12="",$D12=0),"",$F12/$D12) | I12: =IFERROR(INDEX(EIA_2024!$D$2:$D$514,MATCH($A12&"|"&$B12,EIA_2024!$F$2:$F$514,0)),"") | J12: =IFERROR(INDEX(EIA_2024!$E$2:$E$514,MATCH($A12&"|"&$B12,EIA_2024!$F$2:$F$514,0)),"") | K12: =IFERROR(INDEX(EIA_2025!$C$2:$C$530,MATCH($A12&"|"&$B12,EIA_2025!$E$2:$E$530,0)),"") | L12: =IFERROR(INDEX(EIA_2025!$D$2:$D$530,MATCH($A12&"|"&$B12,EIA_2025!$E$2:$E$530,0)),"") | M12: =IFERROR(INDEX(EIA_2024!$C$2:$C$514,MATCH($A12&"|"&$B12,EIA_2024!$F$2:$F$514,0)),"") | N12: =A12&"|"&B12 -> AL|offshore wind | O12: =IFERROR(_xludf.MAXIFS(SYSHECF!$AE$2:$AE$7489,SYSHECF!$A$2:$A$7489,$A12,SYSHECF!$B$2:$B$7489,$B12),"") | P12: =IF(AND($H12<>"",$O12<>"",$H12*$O12>1),"over","") -> #VALUE!
A13: AL | B13: onshore wind | C13: level check | D13: =SUMIFS(SYSHECF!$AD$2:$AD$7489,SYSHECF!$A$2:$A$7489,$A13,SYSHECF!$B$2:$B$7489,$B13)/8760 -> 0.34869146 | E13: =IF(OR($J13="",$J13=0),"",$I13*1000/($J13*8760)) | F13: =IF(OR($L13="",$L13=0),"",$K13*1000/($L13*8760)) | G13: =IF(OR($E13="",$D13=0),"",$E13/$D13) | H13: =IF(OR($F13="",$D13=0),"",$F13/$D13) | I13: =IFERROR(INDEX(EIA_2024!$D$2:$D$514,MATCH($A13&"|"&$B13,EIA_2024!$F$2:$F$514,0)),"") | J13: =IFERROR(INDEX(EIA_2024!$E$2:$E$514,MATCH($A13&"|"&$B13,EIA_2024!$F$2:$F$514,0)),"") | K13: =IFERROR(INDEX(EIA_2025!$C$2:$C$530,MATCH($A13&"|"&$B13,EIA_2025!$E$2:$E$530,0)),"") | L13: =IFERROR(INDEX(EIA_2025!$D$2:$D$530,MATCH($A13&"|"&$B13,EIA_2025!$E$2:$E$530,0)),"") | M13: =IFERROR(INDEX(EIA_2024!$C$2:$C$514,MATCH($A13&"|"&$B13,EIA_2024!$F$2:$F$514,0)),"") | N13: =A13&"|"&B13 -> AL|onshore wind | O13: =IFERROR(_xludf.MAXIFS(SYSHECF!$AE$2:$AE$7489,SYSHECF!$A$2:$A$7489,$A13,SYSHECF!$B$2:$B$7489,$B13),"") | P13: =IF(AND($H13<>"",$O13<>"",$H13*$O13>1),"over","") -> #VALUE!
... A769: WY | B769: solar thermal | C769: level check | D769: =SUMIFS(SYSHECF!$AD$2:$AD$7489,SYSHECF!$A$2:$A$7489,$A769,SYSHECF!$B$2:$B$7489,$B769)/8760 -> 0.22458571 | E769: =IF(OR($J769="",$J769=0),"",$I769*1000/($J769*8760)) | F769: =IF(OR($L769="",$L769=0),"",$K769*1000/($L769*8760)) | G769: =IF(OR($E769="",$D769=0),"",$E769/$D769) | H769: =IF(OR($F769="",$D769=0),"",$F769/$D769) | I769: =IFERROR(INDEX(EIA_2024!$D$2:$D$514,MATCH($A769&"|"&$B769,EIA_2024!$F$2:$F$514,0)),"") | J769: =IFERROR(INDEX(EIA_2024!$E$2:$E$514,MATCH($A769&"|"&$B769,EIA_2024!$F$2:$F$514,0)),"") | K769: =IFERROR(INDEX(EIA_2025!$C$2:$C$530,MATCH($A769&"|"&$B769,EIA_2025!$E$2:$E$530,0)),"") | L769: =IFERROR(INDEX(EIA_2025!$D$2:$D$530,MATCH($A769&"|"&$B769,EIA_2025!$E$2:$E$530,0)),"") | M769: =IFERROR(INDEX(EIA_2024!$C$2:$C$514,MATCH($A769&"|"&$B769,EIA_2024!$F$2:$F$514,0)),"") | N769: =A769&"|"&B769 -> WY|solar thermal | O769: =IFERROR(_xludf.MAXIFS(SYSHECF!$AE$2:$AE$7489,SYSHECF!$A$2:$A$7489,$A769,SYSHECF!$B$2:$B$7489,$B769),"") | P769: =IF(AND($H769<>"",$O769<>"",$H769*$O769>1),"over","") -> #VALUE!

Sheet HYECFCA
A1: multiplier (dmnl, %) | B1: 2025 | C1: 2026 | D1: 2027 | E1: 2028 | F1: 2029 | G1: 2030 | H1: 2031 | I1: 2032 | J1: 2033 | K1: 2034 | L1: 2035 | M1: 2036 | N1: 2037 | O1: 2038 | P1: 2039 | Q1: 2040 | R1: 2041 | S1: 2042 | T1: 2043 | U1: 2044 | V1: 2045 | W1: 2046 | X1: 2047 | Y1: 2048 | Z1: 2049 | AA1: 2050
A2: hard coal es | B2: =IFERROR(IF(INDEX(CF_summary!$H$2:$H$769,MATCH(About!$B$2&"|"&LOWER(LEFT($A2,LEN($A2)-3)),CF_summary!$N$2:$N$769,0))="",Keys!$C$2,INDEX(CF_summary!$H$2:$H$769,MATCH(About!$B$2&"|"&LOWER(LEFT($A2,LEN($A2)-3)),CF_summary!$N$2:$N$769,0))),Keys!$C$2) -> 1.0006835 | C2: =Keys!$C$2 -> 1 | D2: =Keys!$C$2 -> 1 | E2: =Keys!$C$2 -> 1 | F2: =Keys!$C$2 -> 1 | G2: =Keys!$C$2 -> 1 | H2: =Keys!$C$2 -> 1 | I2: =Keys!$C$2 -> 1 | J2: =Keys!$C$2 -> 1 | ... AA2: =Keys!$C$2 -> 1
A3: natural gas steam turbine es | B3: =IFERROR(IF(INDEX(CF_summary!$H$2:$H$769,MATCH(About!$B$2&"|"&LOWER(LEFT($A3,LEN($A3)-3)),CF_summary!$N$2:$N$769,0))="",Keys!$C$2,INDEX(CF_summary!$H$2:$H$769,MATCH(About!$B$2&"|"&LOWER(LEFT($A3,LEN($A3)-3)),CF_summary!$N$2:$N$769,0))),Keys!$C$2) -> 0.83481853 | C3: =Keys!$C$2 -> 1 | D3: =Keys!$C$2 -> 1 | E3: =Keys!$C$2 -> 1 | F3: =Keys!$C$2 -> 1 | G3: =Keys!$C$2 -> 1 | H3: =Keys!$C$2 -> 1 | I3: =Keys!$C$2 -> 1 | J3: =Keys!$C$2 -> 1 | ... AA3: =Keys!$C$2 -> 1
A4: natural gas combined cycle es | B4: =IFERROR(IF(INDEX(CF_summary!$H$2:$H$769,MATCH(About!$B$2&"|"&LOWER(LEFT($A4,LEN($A4)-3)),CF_summary!$N$2:$N$769,0))="",Keys!$C$2,INDEX(CF_summary!$H$2:$H$769,MATCH(About!$B$2&"|"&LOWER(LEFT($A4,LEN($A4)-3)),CF_summary!$N$2:$N$769,0))),Keys!$C$2) -> 1 | C4: =Keys!$C$2 -> 1 | D4: =Keys!$C$2 -> 1 | E4: =Keys!$C$2 -> 1 | F4: =Keys!$C$2 -> 1 | G4: =Keys!$C$2 -> 1 | H4: =Keys!$C$2 -> 1 | I4: =Keys!$C$2 -> 1 | J4: =Keys!$C$2 -> 1 | ... AA4: =Keys!$C$2 -> 1
A5: nuclear es | B5: =IFERROR(IF(INDEX(CF_summary!$H$2:$H$769,MATCH(About!$B$2&"|"&LOWER(LEFT($A5,LEN($A5)-3)),CF_summary!$N$2:$N$769,0))="",Keys!$C$2,INDEX(CF_summary!$H$2:$H$769,MATCH(About!$B$2&"|"&LOWER(LEFT($A5,LEN($A5)-3)),CF_summary!$N$2:$N$769,0))),Keys!$C$2) -> 1 | C5: =Keys!$C$2 -> 1 | D5: =Keys!$C$2 -> 1 | E5: =Keys!$C$2 -> 1 | F5: =Keys!$C$2 -> 1 | G5: =Keys!$C$2 -> 1 | H5: =Keys!$C$2 -> 1 | I5: =Keys!$C$2 -> 1 | J5: =Keys!$C$2 -> 1 | ... AA5: =Keys!$C$2 -> 1
A6: hydro es | B6: =IFERROR(IF(INDEX(CF_summary!$H$2:$H$769,MATCH(About!$B$2&"|"&LOWER(LEFT($A6,LEN($A6)-3)),CF_summary!$N$2:$N$769,0))="",Keys!$C$2,INDEX(CF_summary!$H$2:$H$769,MATCH(About!$B$2&"|"&LOWER(LEFT($A6,LEN($A6)-3)),CF_summary!$N$2:$N$769,0))),Keys!$C$2) -> 0.98609869 | C6: =Keys!$C$2 -> 1 | D6: =Keys!$C$2 -> 1 | E6: =Keys!$C$2 -> 1 | F6: =Keys!$C$2 -> 1 | G6: =Keys!$C$2 -> 1 | H6: =Keys!$C$2 -> 1 | I6: =Keys!$C$2 -> 1 | J6: =Keys!$C$2 -> 1 | ... AA6: =Keys!$C$2 -> 1
A7: onshore wind es | B7: =IFERROR(IF(INDEX(CF_summary!$H$2:$H$769,MATCH(About!$B$2&"|"&LOWER(LEFT($A7,LEN($A7)-3)),CF_summary!$N$2:$N$769,0))="",Keys!$C$2,INDEX(CF_summary!$H$2:$H$769,MATCH(About!$B$2&"|"&LOWER(LEFT($A7,LEN($A7)-3)),CF_summary!$N$2:$N$769,0))),Keys!$C$2) -> 0.9979 | C7: =Keys!$C$2 -> 1 | D7: =Keys!$C$2 -> 1 | E7: =Keys!$C$2 -> 1 | F7: =Keys!$C$2 -> 1 | G7: =Keys!$C$2 -> 1 | H7: =Keys!$C$2 -> 1 | I7: =Keys!$C$2 -> 1 | J7: =Keys!$C$2 -> 1 | ... AA7: =Keys!$C$2 -> 1
A8: solar PV es | B8: =IFERROR(IF(INDEX(CF_summary!$H$2:$H$769,MATCH(About!$B$2&"|"&LOWER(LEFT($A8,LEN($A8)-3)),CF_summary!$N$2:$N$769,0))="",Keys!$C$2,INDEX(CF_summary!$H$2:$H$769,MATCH(About!$B$2&"|"&LOWER(LEFT($A8,LEN($A8)-3)),CF_summary!$N$2:$N$769,0))),Keys!$C$2) -> 1 | C8: =Keys!$C$2 -> 1 | D8: =Keys!$C$2 -> 1 | E8: =Keys!$C$2 -> 1 | F8: =Keys!$C$2 -> 1 | G8: =Keys!$C$2 -> 1 | H8: =Keys!$C$2 -> 1 | I8: =Keys!$C$2 -> 1 | J8: =Keys!$C$2 -> 1 | ... AA8: =Keys!$C$2 -> 1
A9: solar thermal es | B9: =IFERROR(IF(INDEX(CF_summary!$H$2:$H$769,MATCH(About!$B$2&"|"&LOWER(LEFT($A9,LEN($A9)-3)),CF_summary!$N$2:$N$769,0))="",Keys!$C$2,INDEX(CF_summary!$H$2:$H$769,MATCH(About!$B$2&"|"&LOWER(LEFT($A9,LEN($A9)-3)),CF_summary!$N$2:$N$769,0))),Keys!$C$2) -> 1 | C9: =Keys!$C$2 -> 1 | D9: =Keys!$C$2 -> 1 | E9: =Keys!$C$2 -> 1 | F9: =Keys!$C$2 -> 1 | G9: =Keys!$C$2 -> 1 | H9: =Keys!$C$2 -> 1 | I9: =Keys!$C$2 -> 1 | J9: =Keys!$C$2 -> 1 | ... AA9: =Keys!$C$2 -> 1
A10: biomass es | B10: =IFERROR(IF(INDEX(CF_summary!$H$2:$H$769,MATCH(About!$B$2&"|"&LOWER(LEFT($A10,LEN($A10)-3)),CF_summary!$N$2:$N$769,0))="",Keys!$C$2,INDEX(CF_summary!$H$2:$H$769,MATCH(About!$B$2&"|"&LOWER(LEFT($A10,LEN($A10)-3)),CF_summary!$N$2:$N$769,0))),Keys!$C$2) -> 1 | C10: =Keys!$C$2 -> 1 | D10: =Keys!$C$2 -> 1 | E10: =Keys!$C$2 -> 1 | F10: =Keys!$C$2 -> 1 | G10: =Keys!$C$2 -> 1 | H10: =Keys!$C$2 -> 1 | I10: =Keys!$C$2 -> 1 | J10: =Keys!$C$2 -> 1 | ... AA10: =Keys!$C$2 -> 1
A11: geothermal es | B11: =IFERROR(IF(INDEX(CF_summary!$H$2:$H$769,MATCH(About!$B$2&"|"&LOWER(LEFT($A11,LEN($A11)-3)),CF_summary!$N$2:$N$769,0))="",Keys!$C$2,INDEX(CF_summary!$H$2:$H$769,MATCH(About!$B$2&"|"&LOWER(LEFT($A11,LEN($A11)-3)),CF_summary!$N$2:$N$769,0))),Keys!$C$2) -> 1 | C11: =Keys!$C$2 -> 1 | D11: =Keys!$C$2 -> 1 | E11: =Keys!$C$2 -> 1 | F11: =Keys!$C$2 -> 1 | G11: =Keys!$C$2 -> 1 | H11: =Keys!$C$2 -> 1 | I11: =Keys!$C$2 -> 1 | J11: =Keys!$C$2 -> 1 | ... AA11: =Keys!$C$2 -> 1
A12: petroleum es | B12: =IFERROR(IF(INDEX(CF_summary!$H$2:$H$769,MATCH(About!$B$2&"|"&LOWER(LEFT($A12,LEN($A12)-3)),CF_summary!$N$2:$N$769,0))="",Keys!$C$2,INDEX(CF_summary!$H$2:$H$769,MATCH(About!$B$2&"|"&LOWER(LEFT($A12,LEN($A12)-3)),CF_summary!$N$2:$N$769,0))),Keys!$C$2) -> 0.83271188 | C12: =Keys!$C$2 -> 1 | D12: =Keys!$C$2 -> 1 | E12: =Keys!$C$2 -> 1 | F12: =Keys!$C$2 -> 1 | G12: =Keys!$C$2 -> 1 | H12: =Keys!$C$2 -> 1 | I12: =Keys!$C$2 -> 1 | J12: =Keys!$C$2 -> 1 | ... AA12: =Keys!$C$2 -> 1
A13: natural gas peaker es | B13: =IFERROR(IF(INDEX(CF_summary!$H$2:$H$769,MATCH(About!$B$2&"|"&LOWER(LEFT($A13,LEN($A13)-3)),CF_summary!$N$2:$N$769,0))="",Keys!$C$2,INDEX(CF_summary!$H$2:$H$769,MATCH(About!$B$2&"|"&LOWER(LEFT($A13,LEN($A13)-3)),CF_summary!$N$2:$N$769,0))),Keys!$C$2) -> 0.78239082 | C13: =Keys!$C$2 -> 1 | D13: =Keys!$C$2 -> 1 | E13: =Keys!$C$2 -> 1 | F13: =Keys!$C$2 -> 1 | G13: =Keys!$C$2 -> 1 | H13: =Keys!$C$2 -> 1 | I13: =Keys!$C$2 -> 1 | J13: =Keys!$C$2 -> 1 | ... AA13: =Keys!$C$2 -> 1
... A25: hydrogen combined cycle es | B25: =IFERROR(IF(INDEX(CF_summary!$H$2:$H$769,MATCH(About!$B$2&"|"&LOWER(LEFT($A25,LEN($A25)-3)),CF_summary!$N$2:$N$769,0))="",Keys!$C$2,INDEX(CF_summary!$H$2:$H$769,MATCH(About!$B$2&"|"&LOWER(LEFT($A25,LEN($A25)-3)),CF_summary!$N$2:$N$769,0))),Keys!$C$2) -> 1 | C25: =Keys!$C$2 -> 1 | D25: =Keys!$C$2 -> 1 | E25: =Keys!$C$2 -> 1 | F25: =Keys!$C$2 -> 1 | G25: =Keys!$C$2 -> 1 | H25: =Keys!$C$2 -> 1 | I25: =Keys!$C$2 -> 1 | J25: =Keys!$C$2 -> 1 | ... AA25: =Keys!$C$2 -> 1
A26: -> electricity source within all fuels | B26: 1 | C26: 1 | D26: 1 | E26: 1 | F26: 1 | G26: 1 | H26: 1 | I26: 1 | J26: 1 | K26: 1 | L26: 1 | M26: 1 | N26: 1 | O26: 1 | P26: 1 | Q26: 1 | R26: 1 | S26: 1 | T26: 1 | U26: 1 | V26: 1 | W26: 1 | X26: 1 | Y26: 1 | Z26: 1 | AA26: 1
