Workbook

Sheet About
A1: State-level SYSHECF Pipeline Output - North Dakota | B1: North Dakota
A3: Pipeline: elec_timeslice_pipeline v1.2 (consolidated workbooks + literature-standard validation suite)
A4: Run date: 2026-07-27 16:28
A6: Methodology (SYSHECF-focused):
A7: Variable techs (solar PV, distributed PV, onshore wind, offshore wind, hydro, etc.) derive hourly capacity factors from Cambium 2022 Mid-case state hourly generation divided by Cambium annual capacity (anchor year 2024).
A8: Non-variable techs (lignite, hydrogen, SMR, MSW, steam-turbine, etc.) use legacy SYSHECF templates where present, falling back to flat constant CF profiles otherwise.
A9: 6 timeslices: Winter / Spring / Summer / Fall + Summer Peak (top-5 days) + Winter Peak (top-5 days). Per-slice CF = mean of hourly CFs across days in that slice.
A11: Weather-year basis: Cambium 2022 underlying weather year is 2012, mapped to the 2018 calendar via a 1-day shift to align day-of-week patterns.
A13: Curtailment treatment:
A14: Cambium 2022 state files contain NO explicit curtailment columns; per-tech generation is reported AFTER curtailment. EPS expects pre-curtailment resource availability. Optional per-tech, per-state scaling factor is supported via preset YAML key `curtailment_addback`. Effective CF = cf_observed / (1 - f_t), clipped to [0, 1].
A15: Active addback factors: (none)
A18: Sources & References
A21: Cambium 2022 Mid-case scenario:
... A39: natural gas peaker, petroleum and hydrogen-CT are EXCEL-AUTHORITATIVE: their SYSHECF tabs are live formulas tracing to staged raw tabs (923 2024/2025 Source, BHRaSYC Capacity Source, Cambium Peaker Source, Clustering, Peaker Keys, Peaker Targets). Level = observed fleet CF, mean(2024,2025), over BHRaSYC capacity, / RAF (=1.0). Shape = Cambium gas-ct, rescaled with 6 clip-compensating multiplicative passes plus 4 additive water-fill passes, so hours saturate at 100% and growth shifts to unsaturated hours. Petroleum and hydrogen-CT mirror the peaker verbatim; the observed petroleum CF stays on Peaker Targets as input to the follow-on BGDPbES/HYECFCA recalibration. The exported CSVs for these three techs are read from the computed tabs, not from Python. Plan: state-data-forecast/docs/plans/syshecf-peaker-petroleum-2026-08-26.md.

Sheet Hourly Renewable CFs
A1: timestamp_lst | B1: solar-pv | C1: solar-pv-dist | D1: solar-thermal | E1: onshore-wind | F1: offshore-wind | G1: hydro | H1: pumped-hydro | I1: nuclear | J1: combined-cycle | K1: combined-cycle-CCS | L1: natural-gas-peaker | M1: hard-coal | N1: hard-coal-CCS | O1: biomass | P1: biomass-CCS | Q1: geothermal | R1: petroleum
A2: capacity_MW | B2: 0 | C2: 82.2 | D2: 0 | E2: 4727.9 | F2: 0 | G2: 510 | H2: 0 | I2: 0 | J2: 0 | K2: 0 | L2: 425.2 | M2: 2679 | N2: 0 | O2: 0 | P2: 0 | Q2: 0 | R2: 148.8
A3: 2018-01-01 00:00:00 | B3: 0 | C3: 0 | D3: 0 | E3: 0.093804861 | F3: 0 | G3: 0.20921569 | H3: 0 | I3: 0 | J3: 0 | K3: 0 | L3: 0 | M3: 0.62814483 | N3: 0 | O3: 0 | P3: 0 | Q3: 0 | R3: 0
A4: 2018-01-01 01:00:00 | B4: 0 | C4: 0 | D4: 0 | E4: 0.10156729 | F4: 0 | G4: 0.20921569 | H4: 0 | I4: 0 | J4: 0 | K4: 0 | L4: 0 | M4: 0.62814483 | N4: 0 | O4: 0 | P4: 0 | Q4: 0 | R4: 0
A5: 2018-01-01 02:00:00 | B5: 0 | C5: 0 | D5: 0 | E5: 0.11070454 | F5: 0 | G5: 0.20921569 | H5: 0 | I5: 0 | J5: 0 | K5: 0 | L5: 0 | M5: 0.62814483 | N5: 0 | O5: 0 | P5: 0 | Q5: 0 | R5: 0
A6: 2018-01-01 03:00:00 | B6: 0 | C6: 0 | D6: 0 | E6: 0.11303116 | F6: 0 | G6: 0.20921569 | H6: 0 | I6: 0 | J6: 0 | K6: 0 | L6: 0 | M6: 0.62814483 | N6: 0 | O6: 0 | P6: 0 | Q6: 0 | R6: 0
A7: 2018-01-01 04:00:00 | B7: 0 | C7: 0 | D7: 0 | E7: 0.1181074 | F7: 0 | G7: 0.20921569 | H7: 0 | I7: 0 | J7: 0 | K7: 0 | L7: 0 | M7: 0.62814483 | N7: 0 | O7: 0 | P7: 0 | Q7: 0 | R7: 0
A8: 2018-01-01 05:00:00 | B8: 0 | C8: 0 | D8: 0 | E8: 0.11948222 | F8: 0 | G8: 1 | H8: 0 | I8: 0 | J8: 0 | K8: 0 | L8: 0 | M8: 0.78697275 | N8: 0 | O8: 0 | P8: 0 | Q8: 0 | R8: 0
A9: 2018-01-01 06:00:00 | B9: 0 | C9: 0 | D9: 0 | E9: 0.11937647 | F9: 0 | G9: 1 | H9: 0 | I9: 0 | J9: 0 | K9: 0 | L9: 0 | M9: 0.78697275 | N9: 0 | O9: 0 | P9: 0 | Q9: 0 | R9: 0
A10: 2018-01-01 07:00:00 | B10: 0 | C10: 0.00486618 | D10: 0 | E10: 0.1219992 | F10: 0 | G10: 1 | H10: 0 | I10: 0 | J10: 0 | K10: 0 | L10: 0 | M10: 0.78697275 | N10: 0 | O10: 0 | P10: 0 | Q10: 0 | R10: 0
A11: 2018-01-01 08:00:00 | B11: 0 | C11: 0.085158151 | D11: 0 | E11: 0.12707545 | F11: 0 | G11: 1 | H11: 0 | I11: 0 | J11: 0 | K11: 0 | L11: 0 | M11: 0.70992908 | N11: 0 | O11: 0 | P11: 0 | Q11: 0 | R11: 0
A12: 2018-01-01 09:00:00 | B12: 0 | C12: 0.16180049 | D12: 0 | E12: 0.12895789 | F12: 0 | G12: 1 | H12: 0 | I12: 0 | J12: 0 | K12: 0 | L12: 0 | M12: 0.78697275 | N12: 0 | O12: 0 | P12: 0 | Q12: 0 | R12: 0
A13: 2018-01-01 10:00:00 | B13: 0 | C13: 0.16788321 | D13: 0 | E13: 0.10992195 | F13: 0 | G13: 1 | H13: 0 | I13: 0 | J13: 0 | K13: 0 | L13: 0 | M13: 0.78697275 | N13: 0 | O13: 0 | P13: 0 | Q13: 0 | R13: 0
... A8762: 2018-12-31 23:00:00 | B8762: 0 | C8762: 0 | D8762: 0 | E8762: 0.07976057 | F8762: 0 | G8762: 0.20921569 | H8762: 0 | I8762: 0 | J8762: 0 | K8762: 0 | L8762: 0 | M8762: 0.62814483 | N8762: 0 | O8762: 0 | P8762: 0 | Q8762: 0 | R8762: 0

Sheet SYSHECF-hard-coal
A1: hard coal | B1: Hour0 | C1: Hour1 | D1: Hour2 | E1: Hour3 | F1: Hour4 | G1: Hour5 | H1: Hour6 | I1: Hour7 | J1: Hour8 | K1: Hour9 | L1: Hour10 | M1: Hour11 | N1: Hour12 | O1: Hour13 | P1: Hour14 | Q1: Hour15 | R1: Hour16 | S1: Hour17 | T1: Hour18 | U1: Hour19 | V1: Hour20 | W1: Hour21 | X1: Hour22 | Y1: Hour23
A2: Winter | B2: 0.8313 | C2: 0.8313 | D2: 0.8313 | E2: 0.8313 | F2: 0.8313 | G2: 0.8313 | H2: 0.8313 | I2: 0.8313 | J2: 0.8313 | K2: 0.8313 | L2: 0.8313 | M2: 0.8313 | N2: 0.8313 | O2: 0.8313 | P2: 0.8313 | Q2: 0.8313 | R2: 0.8313 | S2: 0.8313 | T2: 0.8313 | U2: 0.8313 | V2: 0.8313 | W2: 0.8313 | X2: 0.8313 | Y2: 0.8313
A3: Spring | B3: 0.8313 | C3: 0.8313 | D3: 0.8313 | E3: 0.8313 | F3: 0.8313 | G3: 0.8313 | H3: 0.8313 | I3: 0.8313 | J3: 0.8313 | K3: 0.8313 | L3: 0.8313 | M3: 0.8313 | N3: 0.8313 | O3: 0.8313 | P3: 0.8313 | Q3: 0.8313 | R3: 0.8313 | S3: 0.8313 | T3: 0.8313 | U3: 0.8313 | V3: 0.8313 | W3: 0.8313 | X3: 0.8313 | Y3: 0.8313
A4: Summer | B4: 0.8313 | C4: 0.8313 | D4: 0.8313 | E4: 0.8313 | F4: 0.8313 | G4: 0.8313 | H4: 0.8313 | I4: 0.8313 | J4: 0.8313 | K4: 0.8313 | L4: 0.8313 | M4: 0.8313 | N4: 0.8313 | O4: 0.8313 | P4: 0.8313 | Q4: 0.8313 | R4: 0.8313 | S4: 0.8313 | T4: 0.8313 | U4: 0.8313 | V4: 0.8313 | W4: 0.8313 | X4: 0.8313 | Y4: 0.8313
A5: Fall | B5: 0.8313 | C5: 0.8313 | D5: 0.8313 | E5: 0.8313 | F5: 0.8313 | G5: 0.8313 | H5: 0.8313 | I5: 0.8313 | J5: 0.8313 | K5: 0.8313 | L5: 0.8313 | M5: 0.8313 | N5: 0.8313 | O5: 0.8313 | P5: 0.8313 | Q5: 0.8313 | R5: 0.8313 | S5: 0.8313 | T5: 0.8313 | U5: 0.8313 | V5: 0.8313 | W5: 0.8313 | X5: 0.8313 | Y5: 0.8313
A6: Summer Peak | B6: 0.8313 | C6: 0.8313 | D6: 0.8313 | E6: 0.8313 | F6: 0.8313 | G6: 0.8313 | H6: 0.8313 | I6: 0.8313 | J6: 0.8313 | K6: 0.8313 | L6: 0.8313 | M6: 0.8313 | N6: 0.8313 | O6: 0.8313 | P6: 0.8313 | Q6: 0.8313 | R6: 0.8313 | S6: 0.8313 | T6: 0.8313 | U6: 0.8313 | V6: 0.8313 | W6: 0.8313 | X6: 0.8313 | Y6: 0.8313
A7: Winter Peak | B7: 0.8313 | C7: 0.8313 | D7: 0.8313 | E7: 0.8313 | F7: 0.8313 | G7: 0.8313 | H7: 0.8313 | I7: 0.8313 | J7: 0.8313 | K7: 0.8313 | L7: 0.8313 | M7: 0.8313 | N7: 0.8313 | O7: 0.8313 | P7: 0.8313 | Q7: 0.8313 | R7: 0.8313 | S7: 0.8313 | T7: 0.8313 | U7: 0.8313 | V7: 0.8313 | W7: 0.8313 | X7: 0.8313 | Y7: 0.8313

Sheet SYSHECF-steam-turbine
A1: natural gas steam turbine | B1: Hour0 | C1: Hour1 | D1: Hour2 | E1: Hour3 | F1: Hour4 | G1: Hour5 | H1: Hour6 | I1: Hour7 | J1: Hour8 | K1: Hour9 | L1: Hour10 | M1: Hour11 | N1: Hour12 | O1: Hour13 | P1: Hour14 | Q1: Hour15 | R1: Hour16 | S1: Hour17 | T1: Hour18 | U1: Hour19 | V1: Hour20 | W1: Hour21 | X1: Hour22 | Y1: Hour23
A2: Winter | B2: 0.1815 | C2: 0.1815 | D2: 0.1815 | E2: 0.1815 | F2: 0.1815 | G2: 0.1815 | H2: 0.1815 | I2: 0.1815 | J2: 0.1815 | K2: 0.1815 | L2: 0.1815 | M2: 0.1815 | N2: 0.1815 | O2: 0.1815 | P2: 0.1815 | Q2: 0.1815 | R2: 0.1815 | S2: 0.1815 | T2: 0.1815 | U2: 0.1815 | V2: 0.1815 | W2: 0.1815 | X2: 0.1815 | Y2: 0.1815
A3: Spring | B3: 0.1815 | C3: 0.1815 | D3: 0.1815 | E3: 0.1815 | F3: 0.1815 | G3: 0.1815 | H3: 0.1815 | I3: 0.1815 | J3: 0.1815 | K3: 0.1815 | L3: 0.1815 | M3: 0.1815 | N3: 0.1815 | O3: 0.1815 | P3: 0.1815 | Q3: 0.1815 | R3: 0.1815 | S3: 0.1815 | T3: 0.1815 | U3: 0.1815 | V3: 0.1815 | W3: 0.1815 | X3: 0.1815 | Y3: 0.1815
A4: Summer | B4: 0.1815 | C4: 0.1815 | D4: 0.1815 | E4: 0.1815 | F4: 0.1815 | G4: 0.1815 | H4: 0.1815 | I4: 0.1815 | J4: 0.1815 | K4: 0.1815 | L4: 0.1815 | M4: 0.1815 | N4: 0.1815 | O4: 0.1815 | P4: 0.1815 | Q4: 0.1815 | R4: 0.1815 | S4: 0.1815 | T4: 0.1815 | U4: 0.1815 | V4: 0.1815 | W4: 0.1815 | X4: 0.1815 | Y4: 0.1815
A5: Fall | B5: 0.1815 | C5: 0.1815 | D5: 0.1815 | E5: 0.1815 | F5: 0.1815 | G5: 0.1815 | H5: 0.1815 | I5: 0.1815 | J5: 0.1815 | K5: 0.1815 | L5: 0.1815 | M5: 0.1815 | N5: 0.1815 | O5: 0.1815 | P5: 0.1815 | Q5: 0.1815 | R5: 0.1815 | S5: 0.1815 | T5: 0.1815 | U5: 0.1815 | V5: 0.1815 | W5: 0.1815 | X5: 0.1815 | Y5: 0.1815
A6: Summer Peak | B6: 0.1815 | C6: 0.1815 | D6: 0.1815 | E6: 0.1815 | F6: 0.1815 | G6: 0.1815 | H6: 0.1815 | I6: 0.1815 | J6: 0.1815 | K6: 0.1815 | L6: 0.1815 | M6: 0.1815 | N6: 0.1815 | O6: 0.1815 | P6: 0.1815 | Q6: 0.1815 | R6: 0.1815 | S6: 0.1815 | T6: 0.1815 | U6: 0.1815 | V6: 0.1815 | W6: 0.1815 | X6: 0.1815 | Y6: 0.1815
A7: Winter Peak | B7: 0.1815 | C7: 0.1815 | D7: 0.1815 | E7: 0.1815 | F7: 0.1815 | G7: 0.1815 | H7: 0.1815 | I7: 0.1815 | J7: 0.1815 | K7: 0.1815 | L7: 0.1815 | M7: 0.1815 | N7: 0.1815 | O7: 0.1815 | P7: 0.1815 | Q7: 0.1815 | R7: 0.1815 | S7: 0.1815 | T7: 0.1815 | U7: 0.1815 | V7: 0.1815 | W7: 0.1815 | X7: 0.1815 | Y7: 0.1815

Sheet SYSHECF-combined-cycle
A1: natural gas combined cycle | B1: Hour0 | C1: Hour1 | D1: Hour2 | E1: Hour3 | F1: Hour4 | G1: Hour5 | H1: Hour6 | I1: Hour7 | J1: Hour8 | K1: Hour9 | L1: Hour10 | M1: Hour11 | N1: Hour12 | O1: Hour13 | P1: Hour14 | Q1: Hour15 | R1: Hour16 | S1: Hour17 | T1: Hour18 | U1: Hour19 | V1: Hour20 | W1: Hour21 | X1: Hour22 | Y1: Hour23
A2: Winter | B2: 0.51288244 | C2: 0.50118473 | D2: 0.49747419 | E2: 0.49706277 | F2: 0.50551723 | G2: 0.53032072 | H2: 0.55984556 | I2: 0.56291333 | J2: 0.53694384 | K2: 0.51566533 | L2: 0.4998576 | M2: 0.49327545 | N2: 0.48929492 | O2: 0.48246649 | P2: 0.48119019 | Q2: 0.49393253 | R2: 0.53573738 | S2: 0.58821038 | T2: 0.62477939 | U2: 0.63343994 | V2: 0.62549776 | W2: 0.60774708 | X2: 0.57809728 | Y2: 0.54177447
A3: Spring | B3: 0.44931427 | C3: 0.42684909 | D3: 0.4191351 | E3: 0.4191086 | F3: 0.42996891 | G3: 0.45307614 | H3: 0.45238249 | I3: 0.43844532 | J3: 0.42596647 | K3: 0.42267969 | L3: 0.43255287 | M3: 0.44506839 | N3: 0.45684524 | O3: 0.46607646 | P3: 0.47509399 | Q3: 0.48853051 | R3: 0.51364725 | S3: 0.55173884 | T3: 0.57698797 | U3: 0.60021422 | V3: 0.60561196 | W3: 0.59039553 | X3: 0.54861863 | Y3: 0.49616634
A4: Summer | B4: 0.62444426 | C4: 0.58494536 | D4: 0.56332557 | E4: 0.55672146 | F4: 0.55930507 | G4: 0.56424852 | H4: 0.55166578 | I4: 0.55584313 | J4: 0.55833162 | K4: 0.5803769 | L4: 0.62334362 | M4: 0.66617151 | N4: 0.69838981 | O4: 0.71895184 | P4: 0.73216384 | Q4: 0.74328999 | R4: 0.75295318 | S4: 0.7644301 | T4: 0.77800855 | U4: 0.7889056 | V4: 0.79348347 | W4: 0.7863306 | X4: 0.73609538 | Y4: 0.6733693
A5: Fall | B5: 0.51956621 | C5: 0.50106475 | D5: 0.49322185 | E5: 0.49081831 | F5: 0.4972334 | G5: 0.52191991 | H5: 0.53336859 | I5: 0.51312427 | J5: 0.50024416 | K5: 0.489994 | L5: 0.50469143 | M5: 0.5267817 | N5: 0.54572355 | O5: 0.55944662 | P5: 0.56964668 | Q5: 0.58929025 | R5: 0.62511064 | S5: 0.65670033 | T5: 0.69157633 | U5: 0.70049806 | V5: 0.6896596 | W5: 0.65646097 | X5: 0.60557472 | Y5: 0.55595307
A6: Summer Peak | B6: 0.69596251 | C6: 0.64811975 | D6: 0.62143965 | E6: 0.60759672 | F6: 0.60744554 | G6: 0.61101147 | H6: 0.58448018 | I6: 0.6140232 | J6: 0.63774209 | K6: 0.68197669 | L6: 0.73029786 | M6: 0.77589979 | N6: 0.79267037 | O6: 0.79989972 | P6: 0.80537018 | Q6: 0.80960003 | R6: 0.81539338 | S6: 0.81992874 | T6: 0.8301114 | U6: 0.83458558 | V6: 0.84432932 | W6: 0.85809488 | X6: 0.83285078 | Y6: 0.77615596
A7: Winter Peak | B7: 0.61300008 | C7: 0.60308543 | D7: 0.59977805 | E7: 0.59698776 | F7: 0.60464419 | G7: 0.63444931 | H7: 0.67070183 | I7: 0.66537466 | J7: 0.63035722 | K7: 0.5880161 | L7: 0.57152222 | M7: 0.5569009 | N7: 0.54534618 | O7: 0.5188962 | P7: 0.51555369 | Q7: 0.54249154 | R7: 0.60515575 | S7: 0.6545036 | T7: 0.69006417 | U7: 0.69570476 | V7: 0.69071507 | W7: 0.69218501 | X7: 0.67357936 | Y7: 0.63713816

Sheet SYSHECF-nuclear
A1: nuclear | B1: Hour0 | C1: Hour1 | D1: Hour2 | E1: Hour3 | F1: Hour4 | G1: Hour5 | H1: Hour6 | I1: Hour7 | J1: Hour8 | K1: Hour9 | L1: Hour10 | M1: Hour11 | N1: Hour12 | O1: Hour13 | P1: Hour14 | Q1: Hour15 | R1: Hour16 | S1: Hour17 | T1: Hour18 | U1: Hour19 | V1: Hour20 | W1: Hour21 | X1: Hour22 | Y1: Hour23
A2: Winter | B2: 0.909 | C2: 0.909 | D2: 0.909 | E2: 0.909 | F2: 0.909 | G2: 0.909 | H2: 0.909 | I2: 0.909 | J2: 0.909 | K2: 0.909 | L2: 0.909 | M2: 0.909 | N2: 0.909 | O2: 0.909 | P2: 0.909 | Q2: 0.909 | R2: 0.909 | S2: 0.909 | T2: 0.909 | U2: 0.909 | V2: 0.909 | W2: 0.909 | X2: 0.909 | Y2: 0.909
A3: Spring | B3: 0.909 | C3: 0.909 | D3: 0.909 | E3: 0.909 | F3: 0.909 | G3: 0.909 | H3: 0.909 | I3: 0.909 | J3: 0.909 | K3: 0.909 | L3: 0.909 | M3: 0.909 | N3: 0.909 | O3: 0.909 | P3: 0.909 | Q3: 0.909 | R3: 0.909 | S3: 0.909 | T3: 0.909 | U3: 0.909 | V3: 0.909 | W3: 0.909 | X3: 0.909 | Y3: 0.909
A4: Summer | B4: 0.909 | C4: 0.909 | D4: 0.909 | E4: 0.909 | F4: 0.909 | G4: 0.909 | H4: 0.909 | I4: 0.909 | J4: 0.909 | K4: 0.909 | L4: 0.909 | M4: 0.909 | N4: 0.909 | O4: 0.909 | P4: 0.909 | Q4: 0.909 | R4: 0.909 | S4: 0.909 | T4: 0.909 | U4: 0.909 | V4: 0.909 | W4: 0.909 | X4: 0.909 | Y4: 0.909
A5: Fall | B5: 0.909 | C5: 0.909 | D5: 0.909 | E5: 0.909 | F5: 0.909 | G5: 0.909 | H5: 0.909 | I5: 0.909 | J5: 0.909 | K5: 0.909 | L5: 0.909 | M5: 0.909 | N5: 0.909 | O5: 0.909 | P5: 0.909 | Q5: 0.909 | R5: 0.909 | S5: 0.909 | T5: 0.909 | U5: 0.909 | V5: 0.909 | W5: 0.909 | X5: 0.909 | Y5: 0.909
A6: Summer Peak | B6: 0.909 | C6: 0.909 | D6: 0.909 | E6: 0.909 | F6: 0.909 | G6: 0.909 | H6: 0.909 | I6: 0.909 | J6: 0.909 | K6: 0.909 | L6: 0.909 | M6: 0.909 | N6: 0.909 | O6: 0.909 | P6: 0.909 | Q6: 0.909 | R6: 0.909 | S6: 0.909 | T6: 0.909 | U6: 0.909 | V6: 0.909 | W6: 0.909 | X6: 0.909 | Y6: 0.909
A7: Winter Peak | B7: 0.909 | C7: 0.909 | D7: 0.909 | E7: 0.909 | F7: 0.909 | G7: 0.909 | H7: 0.909 | I7: 0.909 | J7: 0.909 | K7: 0.909 | L7: 0.909 | M7: 0.909 | N7: 0.909 | O7: 0.909 | P7: 0.909 | Q7: 0.909 | R7: 0.909 | S7: 0.909 | T7: 0.909 | U7: 0.909 | V7: 0.909 | W7: 0.909 | X7: 0.909 | Y7: 0.909

Sheet SYSHECF-hydro
A1: hydro | B1: Hour0 | C1: Hour1 | D1: Hour2 | E1: Hour3 | F1: Hour4 | G1: Hour5 | H1: Hour6 | I1: Hour7 | J1: Hour8 | K1: Hour9 | L1: Hour10 | M1: Hour11 | N1: Hour12 | O1: Hour13 | P1: Hour14 | Q1: Hour15 | R1: Hour16 | S1: Hour17 | T1: Hour18 | U1: Hour19 | V1: Hour20 | W1: Hour21 | X1: Hour22 | Y1: Hour23
A2: Winter | B2: 0.24004597 | C2: 0.22957126 | D2: 0.23411837 | E2: 0.23407039 | F2: 0.26363206 | G2: 0.34876007 | H2: 0.38301278 | I2: 0.37615831 | J2: 0.35925658 | K2: 0.39309057 | L2: 0.4753093 | M2: 0.50352537 | N2: 0.44978224 | O2: 0.42750903 | P2: 0.43257737 | Q2: 0.48296633 | R2: 0.48059136 | S2: 0.41038267 | T2: 0.52664257 | U2: 0.49252943 | V2: 0.44680317 | W2: 0.32883129 | X2: 0.24388648 | Y2: 0.23839942
A3: Spring | B3: 0.25985139 | C3: 0.24805398 | D3: 0.24805398 | E3: 0.24805398 | F3: 0.26496839 | G3: 0.28737163 | H3: 0.29905072 | I3: 0.34021065 | J3: 0.39162148 | K3: 0.47014269 | L3: 0.55435132 | M3: 0.5649318 | N3: 0.58834069 | O3: 0.63417395 | P3: 0.63844587 | Q3: 0.77513859 | R3: 0.76672576 | S3: 0.68499322 | T3: 0.87178267 | U3: 0.85945286 | V3: 0.57502213 | W3: 0.43882378 | X3: 0.33720637 | Y3: 0.27521083
A4: Summer | B4: 0.24986188 | C4: 0.24107614 | D4: 0.24619215 | E4: 0.25073381 | F4: 0.26507153 | G4: 0.31999804 | H4: 0.3502752 | I4: 0.40374974 | J4: 0.38462014 | K4: 0.45238312 | L4: 0.51184371 | M4: 0.509226 | N4: 0.5205233 | O4: 0.50213485 | P4: 0.51582051 | Q4: 0.64932774 | R4: 0.7645792 | S4: 0.67374773 | T4: 0.74657175 | U4: 0.74903213 | V4: 0.65420112 | W4: 0.49742448 | X4: 0.31492942 | Y4: 0.27209065
A5: Fall | B5: 0.24093041 | C5: 0.24093041 | D5: 0.23439889 | E5: 0.23087531 | F5: 0.30348857 | G5: 0.34546902 | H5: 0.37611902 | I5: 0.39148527 | J5: 0.33890313 | K5: 0.42281591 | L5: 0.48215645 | M5: 0.54777755 | N5: 0.58504156 | O5: 0.57052785 | P5: 0.61918764 | Q5: 0.75197678 | R5: 0.82934086 | S5: 0.69890306 | T5: 0.86534669 | U5: 0.76238595 | V5: 0.73600894 | W5: 0.51691786 | X5: 0.31345085 | Y5: 0.26839715
A6: Summer Peak | B6: 0.24452191 | C6: 0.24452191 | D6: 0.24452191 | E6: 0.24452191 | F6: 0.24452191 | G6: 0.24452191 | H6: 0.24452191 | I6: 0.26843631 | J6: 0.29235072 | K6: 0.3975102 | L6: 0.6035146 | M6: 0.72363365 | N6: 0.74741284 | O6: 0.78988842 | P6: 0.81992433 | Q6: 0.83672157 | R6: 0.85346965 | S6: 0.78127161 | T6: 0.94553182 | U6: 0.8511157 | V6: 0.68764219 | W6: 0.36478231 | X6: 0.26843631 | Y6: 0.24521027
A7: Winter Peak | B7: 0.21682348 | C7: 0.21682348 | D7: 0.21682348 | E7: 0.21682348 | F7: 0.21682348 | G7: 0.41313772 | H7: 0.5296704 | I7: 0.61550414 | J7: 0.56436086 | K7: 0.54571758 | L7: 0.69076686 | M7: 0.63224902 | N7: 0.45664683 | O7: 0.41313772 | P7: 0.44589733 | Q7: 0.79929217 | R7: 0.89275197 | S7: 0.7642772 | T7: 0.84070817 | U7: 0.86637716 | V7: 0.77139215 | W7: 0.60945197 | X7: 0.45147895 | Y7: 0.33437026

Sheet SYSHECF-pumped-hydro
A1: pumped hydro | B1: Hour0 | C1: Hour1 | D1: Hour2 | E1: Hour3 | F1: Hour4 | G1: Hour5 | H1: Hour6 | I1: Hour7 | J1: Hour8 | K1: Hour9 | L1: Hour10 | M1: Hour11 | N1: Hour12 | O1: Hour13 | P1: Hour14 | Q1: Hour15 | R1: Hour16 | S1: Hour17 | T1: Hour18 | U1: Hour19 | V1: Hour20 | W1: Hour21 | X1: Hour22 | Y1: Hour23
A2: Winter | B2: 0.050786458 | C2: 0.031782424 | D2: 0.011014966 | E2: 0.003603455 | F2: 0.001585094 | G2: 0.005556013 | H2: 0.040083994 | I2: 0.033930512 | J2: 0.01515099 | K2: 0.008908506 | L2: 0.001765122 | M2: 0.002506374 | N2: 0.001728191 | O2: 0.001112944 | P2: 0.000620595 | Q2: 0.000679352 | R2: 0.005715336 | S2: 0.12696127 | T2: 0.27549257 | U2: 0.26940648 | V2: 0.1932247 | W2: 0.12360632 | X2: 0.087957514 | Y2: 0.059442809
A3: Spring | B3: 0.13406067 | C3: 0.089046283 | D3: 0.043600997 | E3: 0.027674377 | F3: 0.022308315 | G3: 0.021573644 | H3: 0.030020309 | I3: 0.021768825 | J3: 0.016239916 | K3: 0.001941714 | L3: 0.00193389 | M3: 0.001626768 | N3: 0.001735835 | O3: 0.00338518 | P3: 0.006727515 | Q3: 0.010700968 | R3: 0.041978612 | S3: 0.14698738 | T3: 0.34077981 | U3: 0.37693714 | V3: 0.35940016 | W3: 0.20445418 | X3: 0.15712647 | Y3: 0.14249998
A4: Summer | B4: 0.088022871 | C4: 0.039338897 | D4: 0.016513904 | E4: 0.009312367 | F4: 0.005429409 | G4: 0.003830827 | H4: 0.003117602 | I4: 0.001265442 | J4: 0.000152477 | K4: 2.34725e-05 | L4: 0.00083549 | M4: 0.022594699 | N4: 0.1031461 | O4: 0.18901916 | P4: 0.26780428 | Q4: 0.35551079 | R4: 0.45477054 | S4: 0.53128118 | T4: 0.58424512 | U4: 0.58311646 | V4: 0.54844256 | W4: 0.32976281 | X4: 0.16117157 | Y4: 0.12689364
A5: Fall | B5: 0.087977237 | C5: 0.062358662 | D5: 0.024154758 | E5: 0.00620082 | F5: 0.002589261 | G5: 0.001716388 | H5: 0.002370386 | I5: 0.006349605 | J5: 0.007834535 | K5: 0.000337946 | L5: 0.000716554 | M5: 0.000897185 | N5: 0.004613099 | O5: 0.012083173 | P5: 0.021130801 | Q5: 0.035839561 | R5: 0.098139007 | S5: 0.31040897 | T5: 0.39753658 | U5: 0.41951473 | V5: 0.24537432 | W5: 0.15513013 | X5: 0.13819643 | Y5: 0.11573204
A6: Summer Peak | B6: 0.13153522 | C6: 0.040447158 | D6: 0 | E6: 0 | F6: 0 | G6: 0 | H6: 0 | I6: 0 | J6: 0 | K6: 0.000431894 | L6: 0.001847259 | M6: 0.083516036 | N6: 0.34411566 | O6: 0.45310738 | P6: 0.54916917 | Q6: 0.60615493 | R6: 0.63471806 | S6: 0.64233951 | T6: 0.63900057 | U6: 0.63262103 | V6: 0.72696998 | W6: 0.67088183 | X6: 0.19429258 | Y6: 0.14992802
A7: Winter Peak | B7: 0.004763846 | C7: 0.002657277 | D7: 0.001847259 | E7: 0.001847259 | F7: 0 | G7: 0.094888384 | H7: 0.19155291 | I7: 0.14615111 | J7: 0.004314606 | K7: 0.012963766 | L7: 0.003345012 | M7: 0.005248643 | N7: 0.003694517 | O7: 0 | P7: 0 | Q7: 0 | R7: 0.004889598 | S7: 0.20752172 | T7: 0.37460496 | U7: 0.38503981 | V7: 0.33367388 | W7: 0.19894108 | X7: 0.069298215 | Y7: 0.020110836

Sheet SYSHECF-onshore-wind
A1: onshore wind | B1: Hour0 | C1: Hour1 | D1: Hour2 | E1: Hour3 | F1: Hour4 | G1: Hour5 | H1: Hour6 | I1: Hour7 | J1: Hour8 | K1: Hour9 | L1: Hour10 | M1: Hour11 | N1: Hour12 | O1: Hour13 | P1: Hour14 | Q1: Hour15 | R1: Hour16 | S1: Hour17 | T1: Hour18 | U1: Hour19 | V1: Hour20 | W1: Hour21 | X1: Hour22 | Y1: Hour23
A2: Winter | B2: 0.56043109 | C2: 0.56510111 | D2: 0.57425438 | E2: 0.5909019 | F2: 0.61446771 | G2: 0.64187499 | H2: 0.64602974 | I2: 0.62406335 | J2: 0.60893955 | K2: 0.59907824 | L2: 0.59316154 | M2: 0.59285748 | N2: 0.59769732 | O2: 0.59693825 | P2: 0.60109793 | Q2: 0.61635596 | R2: 0.62806414 | S2: 0.62445811 | T2: 0.63102324 | U2: 0.63653425 | V2: 0.62899926 | W2: 0.60011135 | X2: 0.57110079 | Y2: 0.54300991
A3: Spring | B3: 0.57109742 | C3: 0.56976173 | D3: 0.54770073 | E3: 0.54595417 | F3: 0.57123825 | G3: 0.56244227 | H3: 0.47930918 | I3: 0.38703861 | J3: 0.31078253 | K3: 0.28378178 | L3: 0.26925711 | M3: 0.26507806 | N3: 0.2650656 | O3: 0.2693697 | P3: 0.27546357 | Q3: 0.2783946 | R3: 0.29208005 | S3: 0.31013857 | T3: 0.36236939 | U3: 0.42770902 | V3: 0.46720287 | W3: 0.47682186 | X3: 0.47198058 | Y3: 0.45127438
A4: Summer | B4: 0.39262439 | C4: 0.3881429 | D4: 0.39307467 | E4: 0.39675625 | F4: 0.40524492 | G4: 0.4002606 | H4: 0.37574937 | I4: 0.34597761 | J4: 0.31360466 | K4: 0.28119779 | L4: 0.26289441 | M4: 0.25818331 | N4: 0.26198026 | O4: 0.26736715 | P4: 0.2802719 | Q4: 0.30517451 | R4: 0.3342293 | S4: 0.36531181 | T4: 0.39807465 | U4: 0.43115376 | V4: 0.45261912 | W4: 0.46617393 | X4: 0.46974667 | Y4: 0.46814928
A5: Fall | B5: 0.27347367 | C5: 0.25785825 | D5: 0.24477172 | E5: 0.23732296 | F5: 0.23345087 | G5: 0.22852492 | H5: 0.20595827 | I5: 0.16943407 | J5: 0.14243021 | K5: 0.12141294 | L5: 0.11034018 | M5: 0.1053348 | N5: 0.10504885 | O5: 0.10713733 | P5: 0.11282209 | Q5: 0.12428793 | R5: 0.1440215 | S5: 0.15927898 | T5: 0.18167562 | U5: 0.21511695 | V5: 0.22628367 | W5: 0.23163212 | X5: 0.23359756 | Y5: 0.24386386
A6: Summer Peak | B6: 0.22370437 | C6: 0.21157252 | D6: 0.20753522 | E6: 0.21308991 | F6: 0.21678518 | G6: 0.18662718 | H6: 0.1306047 | I6: 0.078035775 | J6: 0.065697861 | K6: 0.065123176 | L6: 0.067371157 | M6: 0.071399395 | N6: 0.078708356 | O6: 0.085889811 | P6: 0.10079961 | Q6: 0.1112352 | R6: 0.12696805 | S6: 0.14998508 | T6: 0.19552121 | U6: 0.28306498 | V6: 0.34221952 | W6: 0.35606092 | X6: 0.36469692 | Y6: 0.36266588
A7: Winter Peak | B7: 0.28190405 | C7: 0.26808919 | D7: 0.25637779 | E7: 0.24849042 | F7: 0.23941532 | G7: 0.23204643 | H7: 0.22386393 | I7: 0.21263432 | J7: 0.18525666 | K7: 0.1409269 | L7: 0.107672 | M7: 0.087309858 | N7: 0.07886731 | O7: 0.078699799 | P7: 0.090226143 | Q7: 0.11760221 | R7: 0.16138396 | S7: 0.20003032 | T7: 0.2244199 | U7: 0.23571173 | V7: 0.23930763 | W7: 0.2383935 | X7: 0.23610658 | Y7: 0.21834564

Sheet SYSHECF-solar-pv
A1: solar pv | B1: Hour0 | C1: Hour1 | D1: Hour2 | E1: Hour3 | F1: Hour4 | G1: Hour5 | H1: Hour6 | I1: Hour7 | J1: Hour8 | K1: Hour9 | L1: Hour10 | M1: Hour11 | N1: Hour12 | O1: Hour13 | P1: Hour14 | Q1: Hour15 | R1: Hour16 | S1: Hour17 | T1: Hour18 | U1: Hour19 | V1: Hour20 | W1: Hour21 | X1: Hour22 | Y1: Hour23
A2: Winter | B2: 0 | C2: 0 | D2: 0 | E2: 0 | F2: 0 | G2: 0 | H2: 0 | I2: 0.0014423598 | J2: 0.069832569 | K2: 0.2594552 | L2: 0.34987392 | M2: 0.34061332 | N2: 0.33440749 | O2: 0.34889744 | P2: 0.36503689 | Q2: 0.34905464 | R2: 0.19409335 | S2: 0.032034181 | T2: 0 | U2: 0 | V2: 0 | W2: 0 | X2: 0 | Y2: 0
A3: Spring | B3: 0 | C3: 0 | D3: 0 | E3: 0 | F3: 0 | G3: 0.0039502688 | H3: 0.086575569 | I3: 0.26921236 | J3: 0.44420205 | K3: 0.54329088 | L3: 0.5735192 | M3: 0.58775844 | N3: 0.59217991 | O3: 0.59341995 | P3: 0.58886292 | Q3: 0.57862405 | R3: 0.53064766 | S3: 0.40361256 | T3: 0.17420582 | U3: 0.023232177 | V3: 0 | W3: 0 | X3: 0 | Y3: 0
A4: Summer | B4: 0 | C4: 0 | D4: 0 | E4: 0 | F4: 0 | G4: 0.013585482 | H4: 0.18161124 | I4: 0.4205672 | J4: 0.54922074 | K4: 0.61904624 | L4: 0.65300652 | M4: 0.66329815 | N4: 0.66880015 | O4: 0.67095502 | P4: 0.66822521 | Q4: 0.66581201 | R4: 0.63780216 | S4: 0.55201599 | T4: 0.35861328 | U4: 0.10805188 | V4: 7.7905552e-06 | W4: 0 | X4: 0 | Y4: 0
A5: Fall | B5: 0 | C5: 0 | D5: 0 | E5: 0 | F5: 0 | G5: 0 | H5: 0.0068217831 | I5: 0.15254501 | J5: 0.41013054 | K5: 0.51925285 | L5: 0.53578086 | M5: 0.5236124 | N5: 0.5165044 | O5: 0.5200324 | P5: 0.53209641 | Q5: 0.52744707 | R5: 0.434167 | S5: 0.21703261 | T5: 0.032732914 | U5: 0 | V5: 0 | W5: 0 | X5: 0 | Y5: 0
A6: Summer Peak | B6: 0 | C6: 0 | D6: 0 | E6: 0 | F6: 0 | G6: 0.012959121 | H6: 0.21296879 | I6: 0.46638738 | J6: 0.5926873 | K6: 0.71829318 | L6: 0.7319355 | M6: 0.73195719 | N6: 0.72286411 | O6: 0.7133698 | P6: 0.72836225 | Q6: 0.72629096 | R6: 0.68982649 | S6: 0.60290278 | T6: 0.39498208 | U6: 0.13197157 | V6: 0 | W6: 0 | X6: 0 | Y6: 0
A7: Winter Peak | B7: 0 | C7: 0 | D7: 0 | E7: 0 | F7: 0 | G7: 0 | H7: 0 | I7: 0.00065970421 | J7: 0.11044172 | K7: 0.39166097 | L7: 0.47192348 | M7: 0.42869026 | N7: 0.39782423 | O7: 0.40530691 | P7: 0.42302855 | Q7: 0.41471447 | R7: 0.27680014 | S7: 0.050367965 | T7: 0 | U7: 0 | V7: 0 | W7: 0 | X7: 0 | Y7: 0

Sheet SYSHECF-solar-thermal
A1: solar thermal | B1: Hour0 | C1: Hour1 | D1: Hour2 | E1: Hour3 | F1: Hour4 | G1: Hour5 | H1: Hour6 | I1: Hour7 | J1: Hour8 | K1: Hour9 | L1: Hour10 | M1: Hour11 | N1: Hour12 | O1: Hour13 | P1: Hour14 | Q1: Hour15 | R1: Hour16 | S1: Hour17 | T1: Hour18 | U1: Hour19 | V1: Hour20 | W1: Hour21 | X1: Hour22 | Y1: Hour23
A2: Winter | B2: 0 | C2: 0 | D2: 0 | E2: 0 | F2: 0 | G2: 0 | H2: 0 | I2: 0 | J2: 0 | K2: 0.085970261 | L2: 0.37963217 | M2: 0.49887313 | N2: 0.49723308 | O2: 0.48343923 | P2: 0.47115795 | Q2: 0.48278742 | R2: 0.49201858 | S2: 0.44649224 | T2: 0.2128181 | U2: 0.015243346 | V2: 0 | W2: 0 | X2: 0 | Y2: 0
A3: Spring | B3: 0 | C3: 0 | D3: 0 | E3: 0 | F3: 0 | G3: 0 | H3: 0 | I3: 0.0076376067 | J3: 0.18687045 | K3: 0.48014337 | L3: 0.63047092 | M3: 0.67382434 | N3: 0.67705712 | O3: 0.67418244 | P3: 0.66674031 | Q3: 0.66650048 | R3: 0.66682984 | S3: 0.64842041 | T3: 0.56803293 | U3: 0.30656379 | V3: 0.039289445 | W3: 0 | X3: 0 | Y3: 0
A4: Summer | B4: 0 | C4: 0 | D4: 0 | E4: 0 | F4: 0 | G4: 0 | H4: 0 | I4: 0.024164508 | J4: 0.27575698 | K4: 0.51488677 | L4: 0.59949295 | M4: 0.63012113 | N4: 0.63916783 | O4: 0.63841568 | P4: 0.63266768 | Q4: 0.62353065 | R4: 0.61337916 | S4: 0.59439288 | T4: 0.54206511 | U4: 0.40006062 | V4: 0.11961875 | W4: 2.6056188e-06 | X4: 0 | Y4: 0
A5: Fall | B5: 0 | C5: 0 | D5: 0 | E5: 0 | F5: 0 | G5: 0 | H5: 0 | I5: 0 | J5: 0.05499372 | K5: 0.36422206 | L5: 0.55216568 | M5: 0.58568962 | N5: 0.57825967 | O5: 0.56812185 | P5: 0.56341217 | Q5: 0.56827174 | R5: 0.56954888 | S5: 0.52877833 | T5: 0.35578626 | U5: 0.077412378 | V5: 3.2207156e-05 | W5: 0 | X5: 0 | Y5: 0
A6: Summer Peak | B6: 0 | C6: 0 | D6: 0 | E6: 0 | F6: 0 | G6: 0 | H6: 0 | I6: 0.0277316 | J6: 0.38083724 | K6: 0.62248753 | L6: 0.69230769 | M6: 0.71807466 | N6: 0.72479976 | O6: 0.72464863 | P6: 0.7232885 | Q6: 0.72570651 | R6: 0.723893 | S6: 0.71218075 | T6: 0.6731147 | U6: 0.55977029 | V6: 0.22117274 | W6: 0 | X6: 0 | Y6: 0
A7: Winter Peak | B7: 0 | C7: 0 | D7: 0 | E7: 0 | F7: 0 | G7: 0 | H7: 0 | I7: 0 | J7: 0 | K7: 0.002644703 | L7: 0.27588031 | M7: 0.35612815 | N7: 0.39020704 | O7: 0.41121354 | P7: 0.42511712 | Q7: 0.48556748 | R7: 0.52765604 | S7: 0.49304821 | T7: 0.19344114 | U7: 0 | V7: 0 | W7: 0 | X7: 0 | Y7: 0

Sheet SYSHECF-biomass
A1: biomass | B1: Hour0 | C1: Hour1 | D1: Hour2 | E1: Hour3 | F1: Hour4 | G1: Hour5 | H1: Hour6 | I1: Hour7 | J1: Hour8 | K1: Hour9 | L1: Hour10 | M1: Hour11 | N1: Hour12 | O1: Hour13 | P1: Hour14 | Q1: Hour15 | R1: Hour16 | S1: Hour17 | T1: Hour18 | U1: Hour19 | V1: Hour20 | W1: Hour21 | X1: Hour22 | Y1: Hour23
A2: Winter | B2: 0.50753643 | C2: 0.50716569 | D2: 0.50695974 | E2: 0.50693741 | F2: 0.50701954 | G2: 0.50711904 | H2: 0.50830296 | I2: 0.50991258 | J2: 0.50971021 | K2: 0.50884038 | L2: 0.50789969 | M2: 0.50771532 | N2: 0.50795528 | O2: 0.50793949 | P2: 0.50804257 | Q2: 0.50856188 | R2: 0.51244626 | S2: 0.51379107 | T2: 0.51450959 | U2: 0.51474755 | V2: 0.51462099 | W2: 0.51421245 | X2: 0.51354005 | Y2: 0.50885712
A3: Spring | B3: 0.50453843 | C3: 0.50391062 | D3: 0.50307986 | E3: 0.50244402 | F3: 0.50216683 | G3: 0.50225514 | H3: 0.50296008 | I3: 0.50413595 | J3: 0.50394405 | K3: 0.49776017 | L3: 0.49537882 | M3: 0.49514784 | N3: 0.49535329 | O3: 0.49593609 | P3: 0.49651441 | Q3: 0.49742336 | R3: 0.50244375 | S3: 0.5051927 | T3: 0.50971111 | U3: 0.51436639 | V3: 0.5144938 | W3: 0.51419674 | X3: 0.51268973 | Y3: 0.50625024
A4: Summer | B4: 0.51063809 | C4: 0.50969904 | D4: 0.5092943 | E4: 0.50892867 | F4: 0.5089295 | G4: 0.5089302 | H4: 0.50919826 | I4: 0.50988401 | J4: 0.50972645 | K4: 0.50940383 | L4: 0.51088903 | M4: 0.51165703 | N4: 0.51223143 | O4: 0.51256951 | P4: 0.51293569 | Q4: 0.51376479 | R4: 0.51420892 | S4: 0.51475172 | T4: 0.51530302 | U4: 0.51543037 | V4: 0.51546099 | W4: 0.51526558 | X4: 0.51451205 | Y4: 0.51184256
A5: Fall | B5: 0.50575733 | C5: 0.50527656 | D5: 0.50462526 | E5: 0.50455797 | F5: 0.50461454 | G5: 0.50493076 | H5: 0.50595524 | I5: 0.50678916 | J5: 0.50671889 | K5: 0.50743469 | L5: 0.50755479 | M5: 0.508455 | N5: 0.50883256 | O5: 0.50890839 | P5: 0.50928257 | Q5: 0.51180257 | R5: 0.5139885 | S5: 0.51466381 | T5: 0.51504891 | U5: 0.51499789 | V5: 0.51491353 | W5: 0.51361253 | X5: 0.51135634 | Y5: 0.50686221
A6: Summer Peak | B6: 0.51335031 | C6: 0.51335031 | D6: 0.51335031 | E6: 0.51335031 | F6: 0.51335031 | G6: 0.51335031 | H6: 0.51335031 | I6: 0.51427058 | J6: 0.51427058 | K6: 0.51462173 | L6: 0.51552988 | M6: 0.51552988 | N6: 0.51552988 | O6: 0.51552988 | P6: 0.51552988 | Q6: 0.51552988 | R6: 0.51552988 | S6: 0.51552988 | T6: 0.51552988 | U6: 0.51552988 | V6: 0.51552988 | W6: 0.51552988 | X6: 0.51552988 | Y6: 0.51519084
A7: Winter Peak | B7: 0.51427058 | C7: 0.51427058 | D7: 0.51427058 | E7: 0.51427058 | F7: 0.51427058 | G7: 0.51427058 | H7: 0.51427058 | I7: 0.51427058 | J7: 0.51427058 | K7: 0.51427058 | L7: 0.51427058 | M7: 0.51427058 | N7: 0.51427058 | O7: 0.51427058 | P7: 0.51427058 | Q7: 0.51427058 | R7: 0.51462173 | S7: 0.51552988 | T7: 0.51552988 | U7: 0.51552988 | V7: 0.51552988 | W7: 0.51552988 | X7: 0.51552988 | Y7: 0.50758655

Sheet SYSHECF-geothermal
A1: geothermal | B1: Hour0 | C1: Hour1 | D1: Hour2 | E1: Hour3 | F1: Hour4 | G1: Hour5 | H1: Hour6 | I1: Hour7 | J1: Hour8 | K1: Hour9 | L1: Hour10 | M1: Hour11 | N1: Hour12 | O1: Hour13 | P1: Hour14 | Q1: Hour15 | R1: Hour16 | S1: Hour17 | T1: Hour18 | U1: Hour19 | V1: Hour20 | W1: Hour21 | X1: Hour22 | Y1: Hour23
A2: Winter | B2: 0.6595 | C2: 0.6595 | D2: 0.6595 | E2: 0.6595 | F2: 0.6595 | G2: 0.6595 | H2: 0.6595 | I2: 0.6595 | J2: 0.6595 | K2: 0.6595 | L2: 0.6595 | M2: 0.6595 | N2: 0.6595 | O2: 0.6595 | P2: 0.6595 | Q2: 0.6595 | R2: 0.6595 | S2: 0.6595 | T2: 0.6595 | U2: 0.6595 | V2: 0.6595 | W2: 0.6595 | X2: 0.6595 | Y2: 0.6595
A3: Spring | B3: 0.6595 | C3: 0.6595 | D3: 0.6595 | E3: 0.6595 | F3: 0.6595 | G3: 0.6595 | H3: 0.6595 | I3: 0.6595 | J3: 0.6595 | K3: 0.6595 | L3: 0.6595 | M3: 0.6595 | N3: 0.6595 | O3: 0.6595 | P3: 0.6595 | Q3: 0.6595 | R3: 0.6595 | S3: 0.6595 | T3: 0.6595 | U3: 0.6595 | V3: 0.6595 | W3: 0.6595 | X3: 0.6595 | Y3: 0.6595
A4: Summer | B4: 0.6595 | C4: 0.6595 | D4: 0.6595 | E4: 0.6595 | F4: 0.6595 | G4: 0.6595 | H4: 0.6595 | I4: 0.6595 | J4: 0.6595 | K4: 0.6595 | L4: 0.6595 | M4: 0.6595 | N4: 0.6595 | O4: 0.6595 | P4: 0.6595 | Q4: 0.6595 | R4: 0.6595 | S4: 0.6595 | T4: 0.6595 | U4: 0.6595 | V4: 0.6595 | W4: 0.6595 | X4: 0.6595 | Y4: 0.6595
A5: Fall | B5: 0.6595 | C5: 0.6595 | D5: 0.6595 | E5: 0.6595 | F5: 0.6595 | G5: 0.6595 | H5: 0.6595 | I5: 0.6595 | J5: 0.6595 | K5: 0.6595 | L5: 0.6595 | M5: 0.6595 | N5: 0.6595 | O5: 0.6595 | P5: 0.6595 | Q5: 0.6595 | R5: 0.6595 | S5: 0.6595 | T5: 0.6595 | U5: 0.6595 | V5: 0.6595 | W5: 0.6595 | X5: 0.6595 | Y5: 0.6595
A6: Summer Peak | B6: 0.6595 | C6: 0.6595 | D6: 0.6595 | E6: 0.6595 | F6: 0.6595 | G6: 0.6595 | H6: 0.6595 | I6: 0.6595 | J6: 0.6595 | K6: 0.6595 | L6: 0.6595 | M6: 0.6595 | N6: 0.6595 | O6: 0.6595 | P6: 0.6595 | Q6: 0.6595 | R6: 0.6595 | S6: 0.6595 | T6: 0.6595 | U6: 0.6595 | V6: 0.6595 | W6: 0.6595 | X6: 0.6595 | Y6: 0.6595
A7: Winter Peak | B7: 0.6595 | C7: 0.6595 | D7: 0.6595 | E7: 0.6595 | F7: 0.6595 | G7: 0.6595 | H7: 0.6595 | I7: 0.6595 | J7: 0.6595 | K7: 0.6595 | L7: 0.6595 | M7: 0.6595 | N7: 0.6595 | O7: 0.6595 | P7: 0.6595 | Q7: 0.6595 | R7: 0.6595 | S7: 0.6595 | T7: 0.6595 | U7: 0.6595 | V7: 0.6595 | W7: 0.6595 | X7: 0.6595 | Y7: 0.6595

Sheet SYSHECF-petroleum
A1: petroleum | B1: Hour0 | C1: Hour1 | D1: Hour2 | E1: Hour3 | F1: Hour4 | G1: Hour5 | H1: Hour6 | I1: Hour7 | J1: Hour8 | K1: Hour9 | L1: Hour10 | M1: Hour11 | N1: Hour12 | O1: Hour13 | P1: Hour14 | Q1: Hour15 | R1: Hour16 | S1: Hour17 | T1: Hour18 | U1: Hour19 | V1: Hour20 | W1: Hour21 | X1: Hour22 | Y1: Hour23
A2: Winter | B2: ='SYSHECF-natural-gas-peaker'!B2 -> 0.0022534594 | C2: ='SYSHECF-natural-gas-peaker'!C2 -> 0.0022534594 | D2: ='SYSHECF-natural-gas-peaker'!D2 -> 0.0022534594 | E2: ='SYSHECF-natural-gas-peaker'!E2 -> 0.0022534594 | F2: ='SYSHECF-natural-gas-peaker'!F2 -> 0.0022534594 | G2: ='SYSHECF-natural-gas-peaker'!G2 -> 0.0022534594 | H2: ='SYSHECF-natural-gas-peaker'!H2 -> 0.0022534594 | I2: ='SYSHECF-natural-gas-peaker'!I2 -> 0.0022534594 | ... Y2: ='SYSHECF-natural-gas-peaker'!Y2 -> 0.0022534594
A3: Spring | B3: ='SYSHECF-natural-gas-peaker'!B3 -> 0.64583263 | C3: ='SYSHECF-natural-gas-peaker'!C3 -> 0.64583263 | D3: ='SYSHECF-natural-gas-peaker'!D3 -> 0.64583263 | E3: ='SYSHECF-natural-gas-peaker'!E3 -> 0.64583263 | F3: ='SYSHECF-natural-gas-peaker'!F3 -> 0.64583263 | G3: ='SYSHECF-natural-gas-peaker'!G3 -> 0.64583263 | H3: ='SYSHECF-natural-gas-peaker'!H3 -> 0.64583263 | I3: ='SYSHECF-natural-gas-peaker'!I3 -> 0.64583263 | ... Y3: ='SYSHECF-natural-gas-peaker'!Y3 -> 0.49593065
A4: Summer | B4: ='SYSHECF-natural-gas-peaker'!B4 -> 0.23276761 | C4: ='SYSHECF-natural-gas-peaker'!C4 -> 0.23276761 | D4: ='SYSHECF-natural-gas-peaker'!D4 -> 0.23276761 | E4: ='SYSHECF-natural-gas-peaker'!E4 -> 0.23276761 | F4: ='SYSHECF-natural-gas-peaker'!F4 -> 0.23276761 | G4: ='SYSHECF-natural-gas-peaker'!G4 -> 0.23276761 | H4: ='SYSHECF-natural-gas-peaker'!H4 -> 0.23276761 | I4: ='SYSHECF-natural-gas-peaker'!I4 -> 0.23276761 | ... Y4: ='SYSHECF-natural-gas-peaker'!Y4 -> 0.17880023
A5: Fall | B5: ='SYSHECF-natural-gas-peaker'!B5 -> 0.62619414 | C5: ='SYSHECF-natural-gas-peaker'!C5 -> 0.62619414 | D5: ='SYSHECF-natural-gas-peaker'!D5 -> 0.62619414 | E5: ='SYSHECF-natural-gas-peaker'!E5 -> 0.62619414 | F5: ='SYSHECF-natural-gas-peaker'!F5 -> 0.62619414 | G5: ='SYSHECF-natural-gas-peaker'!G5 -> 0.62619414 | H5: ='SYSHECF-natural-gas-peaker'!H5 -> 0.62619414 | I5: ='SYSHECF-natural-gas-peaker'!I5 -> 0.62619414 | ... Y5: ='SYSHECF-natural-gas-peaker'!Y5 -> 0.82960592
A6: Summer Peak | B6: ='SYSHECF-natural-gas-peaker'!B6 -> 1 | C6: ='SYSHECF-natural-gas-peaker'!C6 -> 1 | D6: ='SYSHECF-natural-gas-peaker'!D6 -> 1 | E6: ='SYSHECF-natural-gas-peaker'!E6 -> 1 | F6: ='SYSHECF-natural-gas-peaker'!F6 -> 1 | G6: ='SYSHECF-natural-gas-peaker'!G6 -> 1 | H6: ='SYSHECF-natural-gas-peaker'!H6 -> 1 | I6: ='SYSHECF-natural-gas-peaker'!I6 -> 1 | ... Y6: ='SYSHECF-natural-gas-peaker'!Y6 -> 1
A7: Winter Peak | B7: ='SYSHECF-natural-gas-peaker'!B7 -> 0.0022534594 | C7: ='SYSHECF-natural-gas-peaker'!C7 -> 0.0022534594 | D7: ='SYSHECF-natural-gas-peaker'!D7 -> 0.0022534594 | E7: ='SYSHECF-natural-gas-peaker'!E7 -> 0.0022534594 | F7: ='SYSHECF-natural-gas-peaker'!F7 -> 0.0022534594 | G7: ='SYSHECF-natural-gas-peaker'!G7 -> 0.0022534594 | H7: ='SYSHECF-natural-gas-peaker'!H7 -> 0.0022534594 | I7: ='SYSHECF-natural-gas-peaker'!I7 -> 0.0022534594 | ... Y7: ='SYSHECF-natural-gas-peaker'!Y7 -> 0.0022534594
A9: Mirrors natural gas peaker cell-by-cell (decision 2026-08-26, matching the eps-us hydrogen-CT convention). Derivation: SYSHECF-natural-gas-peaker tab; level basis: Peaker Targets tab.

Sheet SYSHECF-natural-gas-peaker
A1: natural gas peaker | B1: Hour0 | C1: Hour1 | D1: Hour2 | E1: Hour3 | F1: Hour4 | G1: Hour5 | H1: Hour6 | I1: Hour7 | J1: Hour8 | K1: Hour9 | L1: Hour10 | M1: Hour11 | N1: Hour12 | O1: Hour13 | P1: Hour14 | Q1: Hour15 | R1: Hour16 | S1: Hour17 | T1: Hour18 | U1: Hour19 | V1: Hour20 | W1: Hour21 | X1: Hour22 | Y1: Hour23 | Z1: Row sum x days (for annual CF) | AA1: Unsaturated hours x days (water-fill denominator) | AC1: Calibration to observed fleet CF (see Peaker Targets)
A2: Winter | B2: =MIN('Peaker Keys'!$B$10,B60+$AD$22) -> 0.0022534594 | C2: =MIN('Peaker Keys'!$B$10,C60+$AD$22) -> 0.0022534594 | D2: =MIN('Peaker Keys'!$B$10,D60+$AD$22) -> 0.0022534594 | E2: =MIN('Peaker Keys'!$B$10,E60+$AD$22) -> 0.0022534594 | F2: =MIN('Peaker Keys'!$B$10,F60+$AD$22) -> 0.0022534594 | G2: =MIN('Peaker Keys'!$B$10,G60+$AD$22) -> 0.0022534594 | H2: =MIN('Peaker Keys'!$B$10,H60+$AD$22) -> 0.0022534594 | I2: =MIN('Peaker Keys'!$B$10,I60+$AD$22) -> 0.0022534594 | ... Y2: =MIN('Peaker Keys'!$B$10,Y60+$AD$22) -> 0.0022534594 | Z2: =SUM($B2:$Y2)*INDEX(Clustering!$E$6:$E$11,MATCH($A2,Clustering!$D$6:$D$11,0)) -> 5.0297215 | AC2: Target bid CF (from Peaker Targets) | AD2: ='Peaker Targets'!$B$14 -> 0.42885422
A3: Spring | B3: =MIN('Peaker Keys'!$B$10,B61+$AD$22) -> 0.64583263 | C3: =MIN('Peaker Keys'!$B$10,C61+$AD$22) -> 0.64583263 | D3: =MIN('Peaker Keys'!$B$10,D61+$AD$22) -> 0.64583263 | E3: =MIN('Peaker Keys'!$B$10,E61+$AD$22) -> 0.64583263 | F3: =MIN('Peaker Keys'!$B$10,F61+$AD$22) -> 0.64583263 | G3: =MIN('Peaker Keys'!$B$10,G61+$AD$22) -> 0.64583263 | H3: =MIN('Peaker Keys'!$B$10,H61+$AD$22) -> 0.64583263 | I3: =MIN('Peaker Keys'!$B$10,I61+$AD$22) -> 0.64583263 | ... Y3: =MIN('Peaker Keys'!$B$10,Y61+$AD$22) -> 0.49593065 | Z3: =SUM($B3:$Y3)*INDEX(Clustering!$E$6:$E$11,MATCH($A3,Clustering!$D$6:$D$11,0)) -> 822.70318 | AC3: Annual CF, block 0 | AD3: =SUM($Z$11:$Z$16)/'Peaker Keys'!$B$5 -> 0.038266172
A4: Summer | B4: =MIN('Peaker Keys'!$B$10,B62+$AD$22) -> 0.23276761 | C4: =MIN('Peaker Keys'!$B$10,C62+$AD$22) -> 0.23276761 | D4: =MIN('Peaker Keys'!$B$10,D62+$AD$22) -> 0.23276761 | E4: =MIN('Peaker Keys'!$B$10,E62+$AD$22) -> 0.23276761 | F4: =MIN('Peaker Keys'!$B$10,F62+$AD$22) -> 0.23276761 | G4: =MIN('Peaker Keys'!$B$10,G62+$AD$22) -> 0.23276761 | H4: =MIN('Peaker Keys'!$B$10,H62+$AD$22) -> 0.23276761 | I4: =MIN('Peaker Keys'!$B$10,I62+$AD$22) -> 0.23276761 | ... Y4: =MIN('Peaker Keys'!$B$10,Y62+$AD$22) -> 0.17880023 | Z4: =SUM($B4:$Y4)*INDEX(Clustering!$E$6:$E$11,MATCH($A4,Clustering!$D$6:$D$11,0)) -> 976.07356 | AC4: Scale, multiplicative pass 1 | AD4: =IF($AD$3>0,$AD$2/$AD$3,0) -> 11.207137
A5: Fall | B5: =MIN('Peaker Keys'!$B$10,B63+$AD$22) -> 0.62619414 | C5: =MIN('Peaker Keys'!$B$10,C63+$AD$22) -> 0.62619414 | D5: =MIN('Peaker Keys'!$B$10,D63+$AD$22) -> 0.62619414 | E5: =MIN('Peaker Keys'!$B$10,E63+$AD$22) -> 0.62619414 | F5: =MIN('Peaker Keys'!$B$10,F63+$AD$22) -> 0.62619414 | G5: =MIN('Peaker Keys'!$B$10,G63+$AD$22) -> 0.62619414 | H5: =MIN('Peaker Keys'!$B$10,H63+$AD$22) -> 0.62619414 | I5: =MIN('Peaker Keys'!$B$10,I63+$AD$22) -> 0.62619414 | ... Y5: =MIN('Peaker Keys'!$B$10,Y63+$AD$22) -> 0.82960592 | Z5: =SUM($B5:$Y5)*INDEX(Clustering!$E$6:$E$11,MATCH($A5,Clustering!$D$6:$D$11,0)) -> 1159.6044 | AC5: Achieved CF, multiplicative pass 1 | AD5: =SUM($Z$20:$Z$25)/'Peaker Keys'!$B$5 -> 0.30871564
A6: Summer Peak | B6: =MIN('Peaker Keys'!$B$10,B64+$AD$22) -> 1 | C6: =MIN('Peaker Keys'!$B$10,C64+$AD$22) -> 1 | D6: =MIN('Peaker Keys'!$B$10,D64+$AD$22) -> 1 | E6: =MIN('Peaker Keys'!$B$10,E64+$AD$22) -> 1 | F6: =MIN('Peaker Keys'!$B$10,F64+$AD$22) -> 1 | G6: =MIN('Peaker Keys'!$B$10,G64+$AD$22) -> 1 | H6: =MIN('Peaker Keys'!$B$10,H64+$AD$22) -> 1 | I6: =MIN('Peaker Keys'!$B$10,I64+$AD$22) -> 1 | ... Y6: =MIN('Peaker Keys'!$B$10,Y64+$AD$22) -> 1 | Z6: =SUM($B6:$Y6)*INDEX(Clustering!$E$6:$E$11,MATCH($A6,Clustering!$D$6:$D$11,0)) -> 792 | AC6: Scale, multiplicative pass 2 | AD6: =IF($AD$5>0,$AD$4*$AD$2/$AD$5,0) -> 15.568462
A7: Winter Peak | B7: =MIN('Peaker Keys'!$B$10,B65+$AD$22) -> 0.0022534594 | C7: =MIN('Peaker Keys'!$B$10,C65+$AD$22) -> 0.0022534594 | D7: =MIN('Peaker Keys'!$B$10,D65+$AD$22) -> 0.0022534594 | E7: =MIN('Peaker Keys'!$B$10,E65+$AD$22) -> 0.0022534594 | F7: =MIN('Peaker Keys'!$B$10,F65+$AD$22) -> 0.0022534594 | G7: =MIN('Peaker Keys'!$B$10,G65+$AD$22) -> 0.0022534594 | H7: =MIN('Peaker Keys'!$B$10,H65+$AD$22) -> 0.0022534594 | I7: =MIN('Peaker Keys'!$B$10,I65+$AD$22) -> 0.0022534594 | ... Y7: =MIN('Peaker Keys'!$B$10,Y65+$AD$22) -> 0.0022534594 | Z7: =SUM($B7:$Y7)*INDEX(Clustering!$E$6:$E$11,MATCH($A7,Clustering!$D$6:$D$11,0)) -> 1.3520757 | AC7: Achieved CF, multiplicative pass 2 | AD7: =SUM($Z$28:$Z$33)/'Peaker Keys'!$B$5 -> 0.37622219
AC8: Scale, multiplicative pass 3 | AD8: =IF($AD$7>0,$AD$6*$AD$2/$AD$7,0) -> 17.74643
A9: Block 0: raw Cambium slice x hour shape (AVERAGEIFS of "CF USED" on Cambium Peaker Source; uncalibrated) | AC9: Achieved CF, multiplicative pass 3 | AD9: =SUM($Z$36:$Z$41)/'Peaker Keys'!$B$5 -> 0.40544681
A10: hour -> | B10: 0 | C10: 1 | D10: 2 | E10: 3 | F10: 4 | G10: 5 | H10: 6 | I10: 7 | J10: 8 | K10: 9 | L10: 10 | M10: 11 | N10: 12 | O10: 13 | P10: 14 | Q10: 15 | R10: 16 | S10: 17 | T10: 18 | U10: 19 | V10: 20 | W10: 21 | X10: 22 | Y10: 23 | AC10: Scale, multiplicative pass 4 | AD10: =IF($AD$9>0,$AD$8*$AD$2/$AD$9,0) -> 18.770973
A11: Winter | B11: =IFERROR(AVERAGEIFS('Cambium Peaker Source'!$J$7:$J$8766,'Cambium Peaker Source'!$G$7:$G$8766,$A11,'Cambium Peaker Source'!$F$7:$F$8766,B$10),0) -> 0 | C11: =IFERROR(AVERAGEIFS('Cambium Peaker Source'!$J$7:$J$8766,'Cambium Peaker Source'!$G$7:$G$8766,$A11,'Cambium Peaker Source'!$F$7:$F$8766,C$10),0) -> 0 | D11: =IFERROR(AVERAGEIFS('Cambium Peaker Source'!$J$7:$J$8766,'Cambium Peaker Source'!$G$7:$G$8766,$A11,'Cambium Peaker Source'!$F$7:$F$8766,D$10),0) -> 0 | E11: =IFERROR(AVERAGEIFS('Cambium Peaker Source'!$J$7:$J$8766,'Cambium Peaker Source'!$G$7:$G$8766,$A11,'Cambium Peaker Source'!$F$7:$F$8766,E$10),0) -> 0 | F11: =IFERROR(AVERAGEIFS('Cambium Peaker Source'!$J$7:$J$8766,'Cambium Peaker Source'!$G$7:$G$8766,$A11,'Cambium Peaker Source'!$F$7:$F$8766,F$10),0) -> 0 | G11: =IFERROR(AVERAGEIFS('Cambium Peaker Source'!$J$7:$J$8766,'Cambium Peaker Source'!$G$7:$G$8766,$A11,'Cambium Peaker Source'!$F$7:$F$8766,G$10),0) -> 0 | H11: =IFERROR(AVERAGEIFS('Cambium Peaker Source'!$J$7:$J$8766,'Cambium Peaker Source'!$G$7:$G$8766,$A11,'Cambium Peaker Source'!$F$7:$F$8766,H$10),0) -> 0 | I11: =IFERROR(AVERAGEIFS('Cambium Peaker Source'!$J$7:$J$8766,'Cambium Peaker Source'!$G$7:$G$8766,$A11,'Cambium Peaker Source'!$F$7:$F$8766,I$10),0) -> 0 | ... Y11: =IFERROR(AVERAGEIFS('Cambium Peaker Source'!$J$7:$J$8766,'Cambium Peaker Source'!$G$7:$G$8766,$A11,'Cambium Peaker Source'!$F$7:$F$8766,Y$10),0) -> 0 | Z11: =SUM($B11:$Y11)*INDEX(Clustering!$E$6:$E$11,MATCH($A11,Clustering!$D$6:$D$11,0)) -> 0 | AC11: Achieved CF, multiplicative pass 4 | AD11: =SUM($Z$44:$Z$49)/'Peaker Keys'!$B$5 -> 0.41867823
A12: Spring | B12: =IFERROR(AVERAGEIFS('Cambium Peaker Source'!$J$7:$J$8766,'Cambium Peaker Source'!$G$7:$G$8766,$A12,'Cambium Peaker Source'!$F$7:$F$8766,B$10),0) -> 0.033131468 | C12: =IFERROR(AVERAGEIFS('Cambium Peaker Source'!$J$7:$J$8766,'Cambium Peaker Source'!$G$7:$G$8766,$A12,'Cambium Peaker Source'!$F$7:$F$8766,C$10),0) -> 0.033131468 | D12: =IFERROR(AVERAGEIFS('Cambium Peaker Source'!$J$7:$J$8766,'Cambium Peaker Source'!$G$7:$G$8766,$A12,'Cambium Peaker Source'!$F$7:$F$8766,D$10),0) -> 0.033131468 | E12: =IFERROR(AVERAGEIFS('Cambium Peaker Source'!$J$7:$J$8766,'Cambium Peaker Source'!$G$7:$G$8766,$A12,'Cambium Peaker Source'!$F$7:$F$8766,E$10),0) -> 0.033131468 | F12: =IFERROR(AVERAGEIFS('Cambium Peaker Source'!$J$7:$J$8766,'Cambium Peaker Source'!$G$7:$G$8766,$A12,'Cambium Peaker Source'!$F$7:$F$8766,F$10),0) -> 0.033131468 | G12: =IFERROR(AVERAGEIFS('Cambium Peaker Source'!$J$7:$J$8766,'Cambium Peaker Source'!$G$7:$G$8766,$A12,'Cambium Peaker Source'!$F$7:$F$8766,G$10),0) -> 0.033131468 | H12: =IFERROR(AVERAGEIFS('Cambium Peaker Source'!$J$7:$J$8766,'Cambium Peaker Source'!$G$7:$G$8766,$A12,'Cambium Peaker Source'!$F$7:$F$8766,H$10),0) -> 0.033131468 | I12: =IFERROR(AVERAGEIFS('Cambium Peaker Source'!$J$7:$J$8766,'Cambium Peaker Source'!$G$7:$G$8766,$A12,'Cambium Peaker Source'!$F$7:$F$8766,I$10),0) -> 0.033131468 | ... Y12: =IFERROR(AVERAGEIFS('Cambium Peaker Source'!$J$7:$J$8766,'Cambium Peaker Source'!$G$7:$G$8766,$A12,'Cambium Peaker Source'!$F$7:$F$8766,Y$10),0) -> 0.025414511 | Z12: =SUM($B12:$Y12)*INDEX(Clustering!$E$6:$E$11,MATCH($A12,Clustering!$D$6:$D$11,0)) -> 44.167686 | AC12: Scale, multiplicative pass 5 | AD12: =IF($AD$11>0,$AD$10*$AD$2/$AD$11,0) -> 19.227202
A13: Summer | B13: =IFERROR(AVERAGEIFS('Cambium Peaker Source'!$J$7:$J$8766,'Cambium Peaker Source'!$G$7:$G$8766,$A13,'Cambium Peaker Source'!$F$7:$F$8766,B$10),0) -> 0.011866873 | C13: =IFERROR(AVERAGEIFS('Cambium Peaker Source'!$J$7:$J$8766,'Cambium Peaker Source'!$G$7:$G$8766,$A13,'Cambium Peaker Source'!$F$7:$F$8766,C$10),0) -> 0.011866873 | D13: =IFERROR(AVERAGEIFS('Cambium Peaker Source'!$J$7:$J$8766,'Cambium Peaker Source'!$G$7:$G$8766,$A13,'Cambium Peaker Source'!$F$7:$F$8766,D$10),0) -> 0.011866873 | E13: =IFERROR(AVERAGEIFS('Cambium Peaker Source'!$J$7:$J$8766,'Cambium Peaker Source'!$G$7:$G$8766,$A13,'Cambium Peaker Source'!$F$7:$F$8766,E$10),0) -> 0.011866873 | F13: =IFERROR(AVERAGEIFS('Cambium Peaker Source'!$J$7:$J$8766,'Cambium Peaker Source'!$G$7:$G$8766,$A13,'Cambium Peaker Source'!$F$7:$F$8766,F$10),0) -> 0.011866873 | G13: =IFERROR(AVERAGEIFS('Cambium Peaker Source'!$J$7:$J$8766,'Cambium Peaker Source'!$G$7:$G$8766,$A13,'Cambium Peaker Source'!$F$7:$F$8766,G$10),0) -> 0.011866873 | H13: =IFERROR(AVERAGEIFS('Cambium Peaker Source'!$J$7:$J$8766,'Cambium Peaker Source'!$G$7:$G$8766,$A13,'Cambium Peaker Source'!$F$7:$F$8766,H$10),0) -> 0.011866873 | I13: =IFERROR(AVERAGEIFS('Cambium Peaker Source'!$J$7:$J$8766,'Cambium Peaker Source'!$G$7:$G$8766,$A13,'Cambium Peaker Source'!$F$7:$F$8766,I$10),0) -> 0.011866873 | ... Y13: =IFERROR(AVERAGEIFS('Cambium Peaker Source'!$J$7:$J$8766,'Cambium Peaker Source'!$G$7:$G$8766,$A13,'Cambium Peaker Source'!$F$7:$F$8766,Y$10),0) -> 0.0090886312 | Z13: =SUM($B13:$Y13)*INDEX(Clustering!$E$6:$E$11,MATCH($A13,Clustering!$D$6:$D$11,0)) -> 49.950376 | AC13: Achieved CF, multiplicative pass 5 | AD13: =SUM($Z$52:$Z$57)/'Peaker Keys'!$B$5 -> 0.42448708
A14: Fall | B14: =IFERROR(AVERAGEIFS('Cambium Peaker Source'!$J$7:$J$8766,'Cambium Peaker Source'!$G$7:$G$8766,$A14,'Cambium Peaker Source'!$F$7:$F$8766,B$10),0) -> 0.032120478 | C14: =IFERROR(AVERAGEIFS('Cambium Peaker Source'!$J$7:$J$8766,'Cambium Peaker Source'!$G$7:$G$8766,$A14,'Cambium Peaker Source'!$F$7:$F$8766,C$10),0) -> 0.032120478 | D14: =IFERROR(AVERAGEIFS('Cambium Peaker Source'!$J$7:$J$8766,'Cambium Peaker Source'!$G$7:$G$8766,$A14,'Cambium Peaker Source'!$F$7:$F$8766,D$10),0) -> 0.032120478 | E14: =IFERROR(AVERAGEIFS('Cambium Peaker Source'!$J$7:$J$8766,'Cambium Peaker Source'!$G$7:$G$8766,$A14,'Cambium Peaker Source'!$F$7:$F$8766,E$10),0) -> 0.032120478 | F14: =IFERROR(AVERAGEIFS('Cambium Peaker Source'!$J$7:$J$8766,'Cambium Peaker Source'!$G$7:$G$8766,$A14,'Cambium Peaker Source'!$F$7:$F$8766,F$10),0) -> 0.032120478 | G14: =IFERROR(AVERAGEIFS('Cambium Peaker Source'!$J$7:$J$8766,'Cambium Peaker Source'!$G$7:$G$8766,$A14,'Cambium Peaker Source'!$F$7:$F$8766,G$10),0) -> 0.032120478 | H14: =IFERROR(AVERAGEIFS('Cambium Peaker Source'!$J$7:$J$8766,'Cambium Peaker Source'!$G$7:$G$8766,$A14,'Cambium Peaker Source'!$F$7:$F$8766,H$10),0) -> 0.032120478 | I14: =IFERROR(AVERAGEIFS('Cambium Peaker Source'!$J$7:$J$8766,'Cambium Peaker Source'!$G$7:$G$8766,$A14,'Cambium Peaker Source'!$F$7:$F$8766,I$10),0) -> 0.032120478 | ... Y14: =IFERROR(AVERAGEIFS('Cambium Peaker Source'!$J$7:$J$8766,'Cambium Peaker Source'!$G$7:$G$8766,$A14,'Cambium Peaker Source'!$F$7:$F$8766,Y$10),0) -> 0.04259212 | Z14: =SUM($B14:$Y14)*INDEX(Clustering!$E$6:$E$11,MATCH($A14,Clustering!$D$6:$D$11,0)) -> 83.178504 | AC14: Scale, multiplicative pass 6 | AD14: =IF($AD$13>0,$AD$12*$AD$2/$AD$13,0) -> 19.425012
A15: Summer Peak | B15: =IFERROR(AVERAGEIFS('Cambium Peaker Source'!$J$7:$J$8766,'Cambium Peaker Source'!$G$7:$G$8766,$A15,'Cambium Peaker Source'!$F$7:$F$8766,B$10),0) -> 0.11250321 | C15: =IFERROR(AVERAGEIFS('Cambium Peaker Source'!$J$7:$J$8766,'Cambium Peaker Source'!$G$7:$G$8766,$A15,'Cambium Peaker Source'!$F$7:$F$8766,C$10),0) -> 0.11250321 | D15: =IFERROR(AVERAGEIFS('Cambium Peaker Source'!$J$7:$J$8766,'Cambium Peaker Source'!$G$7:$G$8766,$A15,'Cambium Peaker Source'!$F$7:$F$8766,D$10),0) -> 0.11250321 | E15: =IFERROR(AVERAGEIFS('Cambium Peaker Source'!$J$7:$J$8766,'Cambium Peaker Source'!$G$7:$G$8766,$A15,'Cambium Peaker Source'!$F$7:$F$8766,E$10),0) -> 0.11250321 | F15: =IFERROR(AVERAGEIFS('Cambium Peaker Source'!$J$7:$J$8766,'Cambium Peaker Source'!$G$7:$G$8766,$A15,'Cambium Peaker Source'!$F$7:$F$8766,F$10),0) -> 0.11250321 | G15: =IFERROR(AVERAGEIFS('Cambium Peaker Source'!$J$7:$J$8766,'Cambium Peaker Source'!$G$7:$G$8766,$A15,'Cambium Peaker Source'!$F$7:$F$8766,G$10),0) -> 0.11250321 | H15: =IFERROR(AVERAGEIFS('Cambium Peaker Source'!$J$7:$J$8766,'Cambium Peaker Source'!$G$7:$G$8766,$A15,'Cambium Peaker Source'!$F$7:$F$8766,H$10),0) -> 0.11250321 | I15: =IFERROR(AVERAGEIFS('Cambium Peaker Source'!$J$7:$J$8766,'Cambium Peaker Source'!$G$7:$G$8766,$A15,'Cambium Peaker Source'!$F$7:$F$8766,I$10),0) -> 0.11250321 | ... Y15: =IFERROR(AVERAGEIFS('Cambium Peaker Source'!$J$7:$J$8766,'Cambium Peaker Source'!$G$7:$G$8766,$A15,'Cambium Peaker Source'!$F$7:$F$8766,Y$10),0) -> 0.11401408 | Z15: =SUM($B15:$Y15)*INDEX(Clustering!$E$6:$E$11,MATCH($A15,Clustering!$D$6:$D$11,0)) -> 157.9151 | AC15: Achieved CF, multiplicative pass 6 | AD15: =SUM($Z$60:$Z$65)/'Peaker Keys'!$B$5 -> 0.42700566
A16: Winter Peak | B16: =IFERROR(AVERAGEIFS('Cambium Peaker Source'!$J$7:$J$8766,'Cambium Peaker Source'!$G$7:$G$8766,$A16,'Cambium Peaker Source'!$F$7:$F$8766,B$10),0) -> 0 | C16: =IFERROR(AVERAGEIFS('Cambium Peaker Source'!$J$7:$J$8766,'Cambium Peaker Source'!$G$7:$G$8766,$A16,'Cambium Peaker Source'!$F$7:$F$8766,C$10),0) -> 0 | D16: =IFERROR(AVERAGEIFS('Cambium Peaker Source'!$J$7:$J$8766,'Cambium Peaker Source'!$G$7:$G$8766,$A16,'Cambium Peaker Source'!$F$7:$F$8766,D$10),0) -> 0 | E16: =IFERROR(AVERAGEIFS('Cambium Peaker Source'!$J$7:$J$8766,'Cambium Peaker Source'!$G$7:$G$8766,$A16,'Cambium Peaker Source'!$F$7:$F$8766,E$10),0) -> 0 | F16: =IFERROR(AVERAGEIFS('Cambium Peaker Source'!$J$7:$J$8766,'Cambium Peaker Source'!$G$7:$G$8766,$A16,'Cambium Peaker Source'!$F$7:$F$8766,F$10),0) -> 0 | G16: =IFERROR(AVERAGEIFS('Cambium Peaker Source'!$J$7:$J$8766,'Cambium Peaker Source'!$G$7:$G$8766,$A16,'Cambium Peaker Source'!$F$7:$F$8766,G$10),0) -> 0 | H16: =IFERROR(AVERAGEIFS('Cambium Peaker Source'!$J$7:$J$8766,'Cambium Peaker Source'!$G$7:$G$8766,$A16,'Cambium Peaker Source'!$F$7:$F$8766,H$10),0) -> 0 | I16: =IFERROR(AVERAGEIFS('Cambium Peaker Source'!$J$7:$J$8766,'Cambium Peaker Source'!$G$7:$G$8766,$A16,'Cambium Peaker Source'!$F$7:$F$8766,I$10),0) -> 0 | ... Y16: =IFERROR(AVERAGEIFS('Cambium Peaker Source'!$J$7:$J$8766,'Cambium Peaker Source'!$G$7:$G$8766,$A16,'Cambium Peaker Source'!$F$7:$F$8766,Y$10),0) -> 0 | Z16: =SUM($B16:$Y16)*INDEX(Clustering!$E$6:$E$11,MATCH($A16,Clustering!$D$6:$D$11,0)) -> 0 | AC16: Uniform lift, additive pass 1 | AD16: =0+IF(SUM($AA$60:$AA$65)>0,MAX(0,$AD$2-$AD$15)*'Peaker Keys'!$B$5/SUM($AA$60:$AA$65),0) -> 0.0022534594
AC17: Achieved CF, additive pass 1 | AD17: =SUM($Z$68:$Z$73)/'Peaker Keys'!$B$5 -> 0.42885422
AC18: Uniform lift, additive pass 2 | AD18: =$AD$16+IF(SUM($AA$68:$AA$73)>0,MAX(0,$AD$2-$AD$17)*'Peaker Keys'!$B$5/SUM($AA$68:$AA$73),0) -> 0.0022534594
A19: Multiplicative pass 1: MIN(clip, block 0 x scale 1) | AC19: Achieved CF, additive pass 2 | AD19: =SUM($Z$76:$Z$81)/'Peaker Keys'!$B$5 -> 0.42885422
A20: =A11 -> Winter | B20: =MIN('Peaker Keys'!$B$10,B11*$AD$4) -> 0 | C20: =MIN('Peaker Keys'!$B$10,C11*$AD$4) -> 0 | D20: =MIN('Peaker Keys'!$B$10,D11*$AD$4) -> 0 | E20: =MIN('Peaker Keys'!$B$10,E11*$AD$4) -> 0 | F20: =MIN('Peaker Keys'!$B$10,F11*$AD$4) -> 0 | G20: =MIN('Peaker Keys'!$B$10,G11*$AD$4) -> 0 | H20: =MIN('Peaker Keys'!$B$10,H11*$AD$4) -> 0 | I20: =MIN('Peaker Keys'!$B$10,I11*$AD$4) -> 0 | ... Y20: =MIN('Peaker Keys'!$B$10,Y11*$AD$4) -> 0 | Z20: =SUM($B20:$Y20)*INDEX(Clustering!$E$6:$E$11,MATCH($A20,Clustering!$D$6:$D$11,0)) -> 0 | AA20: =COUNTIF($B20:$Y20,"<"&'Peaker Keys'!$B$10)*INDEX(Clustering!$E$6:$E$11,MATCH($A20,Clustering!$D$6:$D$11,0)) -> 2232 | AC20: Uniform lift, additive pass 3 | AD20: =$AD$18+IF(SUM($AA$76:$AA$81)>0,MAX(0,$AD$2-$AD$19)*'Peaker Keys'!$B$5/SUM($AA$76:$AA$81),0) -> 0.0022534594
A21: =A12 -> Spring | B21: =MIN('Peaker Keys'!$B$10,B12*$AD$4) -> 0.37130888 | C21: =MIN('Peaker Keys'!$B$10,C12*$AD$4) -> 0.37130888 | D21: =MIN('Peaker Keys'!$B$10,D12*$AD$4) -> 0.37130888 | E21: =MIN('Peaker Keys'!$B$10,E12*$AD$4) -> 0.37130888 | F21: =MIN('Peaker Keys'!$B$10,F12*$AD$4) -> 0.37130888 | G21: =MIN('Peaker Keys'!$B$10,G12*$AD$4) -> 0.37130888 | H21: =MIN('Peaker Keys'!$B$10,H12*$AD$4) -> 0.37130888 | I21: =MIN('Peaker Keys'!$B$10,I12*$AD$4) -> 0.37130888 | ... Y21: =MIN('Peaker Keys'!$B$10,Y12*$AD$4) -> 0.2848239 | Z21: =SUM($B21:$Y21)*INDEX(Clustering!$E$6:$E$11,MATCH($A21,Clustering!$D$6:$D$11,0)) -> 494.99329 | AA21: =COUNTIF($B21:$Y21,"<"&'Peaker Keys'!$B$10)*INDEX(Clustering!$E$6:$E$11,MATCH($A21,Clustering!$D$6:$D$11,0)) -> 1152 | AC21: Achieved CF, additive pass 3 | AD21: =SUM($Z$84:$Z$89)/'Peaker Keys'!$B$5 -> 0.42885422
A22: =A13 -> Summer | B22: =MIN('Peaker Keys'!$B$10,B13*$AD$4) -> 0.13299367 | C22: =MIN('Peaker Keys'!$B$10,C13*$AD$4) -> 0.13299367 | D22: =MIN('Peaker Keys'!$B$10,D13*$AD$4) -> 0.13299367 | E22: =MIN('Peaker Keys'!$B$10,E13*$AD$4) -> 0.13299367 | F22: =MIN('Peaker Keys'!$B$10,F13*$AD$4) -> 0.13299367 | G22: =MIN('Peaker Keys'!$B$10,G13*$AD$4) -> 0.13299367 | H22: =MIN('Peaker Keys'!$B$10,H13*$AD$4) -> 0.13299367 | I22: =MIN('Peaker Keys'!$B$10,I13*$AD$4) -> 0.13299367 | ... Y22: =MIN('Peaker Keys'!$B$10,Y13*$AD$4) -> 0.10185753 | Z22: =SUM($B22:$Y22)*INDEX(Clustering!$E$6:$E$11,MATCH($A22,Clustering!$D$6:$D$11,0)) -> 559.80069 | AA22: =COUNTIF($B22:$Y22,"<"&'Peaker Keys'!$B$10)*INDEX(Clustering!$E$6:$E$11,MATCH($A22,Clustering!$D$6:$D$11,0)) -> 2568 | AC22: Uniform lift, additive pass 4 (applied to the output table) | AD22: =$AD$20+IF(SUM($AA$84:$AA$89)>0,MAX(0,$AD$2-$AD$21)*'Peaker Keys'!$B$5/SUM($AA$84:$AA$89),0) -> 0.0022534594
A23: =A14 -> Fall | B23: =MIN('Peaker Keys'!$B$10,B14*$AD$4) -> 0.35997858 | C23: =MIN('Peaker Keys'!$B$10,C14*$AD$4) -> 0.35997858 | D23: =MIN('Peaker Keys'!$B$10,D14*$AD$4) -> 0.35997858 | E23: =MIN('Peaker Keys'!$B$10,E14*$AD$4) -> 0.35997858 | F23: =MIN('Peaker Keys'!$B$10,F14*$AD$4) -> 0.35997858 | G23: =MIN('Peaker Keys'!$B$10,G14*$AD$4) -> 0.35997858 | H23: =MIN('Peaker Keys'!$B$10,H14*$AD$4) -> 0.35997858 | I23: =MIN('Peaker Keys'!$B$10,I14*$AD$4) -> 0.35997858 | ... Y23: =MIN('Peaker Keys'!$B$10,Y14*$AD$4) -> 0.47733571 | Z23: =SUM($B23:$Y23)*INDEX(Clustering!$E$6:$E$11,MATCH($A23,Clustering!$D$6:$D$11,0)) -> 857.55503 | AA23: =COUNTIF($B23:$Y23,"<"&'Peaker Keys'!$B$10)*INDEX(Clustering!$E$6:$E$11,MATCH($A23,Clustering!$D$6:$D$11,0)) -> 1121 | AC23: Achieved final (output table A1:Y7) | AD23: =SUM($Z$2:$Z$7)/'Peaker Keys'!$B$5 -> 0.42885422
A24: =A15 -> Summer Peak | B24: =MIN('Peaker Keys'!$B$10,B15*$AD$4) -> 1 | C24: =MIN('Peaker Keys'!$B$10,C15*$AD$4) -> 1 | D24: =MIN('Peaker Keys'!$B$10,D15*$AD$4) -> 1 | E24: =MIN('Peaker Keys'!$B$10,E15*$AD$4) -> 1 | F24: =MIN('Peaker Keys'!$B$10,F15*$AD$4) -> 1 | G24: =MIN('Peaker Keys'!$B$10,G15*$AD$4) -> 1 | H24: =MIN('Peaker Keys'!$B$10,H15*$AD$4) -> 1 | I24: =MIN('Peaker Keys'!$B$10,I15*$AD$4) -> 1 | ... Y24: =MIN('Peaker Keys'!$B$10,Y15*$AD$4) -> 1 | Z24: =SUM($B24:$Y24)*INDEX(Clustering!$E$6:$E$11,MATCH($A24,Clustering!$D$6:$D$11,0)) -> 792 | AA24: =COUNTIF($B24:$Y24,"<"&'Peaker Keys'!$B$10)*INDEX(Clustering!$E$6:$E$11,MATCH($A24,Clustering!$D$6:$D$11,0)) -> 0 | AC24: Check | AD24: =IF(ABS($AD$23-$AD$2)>'Peaker Keys'!$B$11,"WARN: >0.005 off target","OK") -> OK
A25: =A16 -> Winter Peak | B25: =MIN('Peaker Keys'!$B$10,B16*$AD$4) -> 0 | C25: =MIN('Peaker Keys'!$B$10,C16*$AD$4) -> 0 | D25: =MIN('Peaker Keys'!$B$10,D16*$AD$4) -> 0 | E25: =MIN('Peaker Keys'!$B$10,E16*$AD$4) -> 0 | F25: =MIN('Peaker Keys'!$B$10,F16*$AD$4) -> 0 | G25: =MIN('Peaker Keys'!$B$10,G16*$AD$4) -> 0 | H25: =MIN('Peaker Keys'!$B$10,H16*$AD$4) -> 0 | I25: =MIN('Peaker Keys'!$B$10,I16*$AD$4) -> 0 | ... Y25: =MIN('Peaker Keys'!$B$10,Y16*$AD$4) -> 0 | Z25: =SUM($B25:$Y25)*INDEX(Clustering!$E$6:$E$11,MATCH($A25,Clustering!$D$6:$D$11,0)) -> 0 | AA25: =COUNTIF($B25:$Y25,"<"&'Peaker Keys'!$B$10)*INDEX(Clustering!$E$6:$E$11,MATCH($A25,Clustering!$D$6:$D$11,0)) -> 600
A27: Multiplicative pass 2: MIN(clip, block 0 x scale 2)
A28: =A11 -> Winter | B28: =MIN('Peaker Keys'!$B$10,B11*$AD$6) -> 0 | C28: =MIN('Peaker Keys'!$B$10,C11*$AD$6) -> 0 | D28: =MIN('Peaker Keys'!$B$10,D11*$AD$6) -> 0 | E28: =MIN('Peaker Keys'!$B$10,E11*$AD$6) -> 0 | F28: =MIN('Peaker Keys'!$B$10,F11*$AD$6) -> 0 | G28: =MIN('Peaker Keys'!$B$10,G11*$AD$6) -> 0 | H28: =MIN('Peaker Keys'!$B$10,H11*$AD$6) -> 0 | I28: =MIN('Peaker Keys'!$B$10,I11*$AD$6) -> 0 | ... Y28: =MIN('Peaker Keys'!$B$10,Y11*$AD$6) -> 0 | Z28: =SUM($B28:$Y28)*INDEX(Clustering!$E$6:$E$11,MATCH($A28,Clustering!$D$6:$D$11,0)) -> 0 | AA28: =COUNTIF($B28:$Y28,"<"&'Peaker Keys'!$B$10)*INDEX(Clustering!$E$6:$E$11,MATCH($A28,Clustering!$D$6:$D$11,0)) -> 2232
A29: =A12 -> Spring | B29: =MIN('Peaker Keys'!$B$10,B12*$AD$6) -> 0.515806 | C29: =MIN('Peaker Keys'!$B$10,C12*$AD$6) -> 0.515806 | D29: =MIN('Peaker Keys'!$B$10,D12*$AD$6) -> 0.515806 | E29: =MIN('Peaker Keys'!$B$10,E12*$AD$6) -> 0.515806 | F29: =MIN('Peaker Keys'!$B$10,F12*$AD$6) -> 0.515806 | G29: =MIN('Peaker Keys'!$B$10,G12*$AD$6) -> 0.515806 | H29: =MIN('Peaker Keys'!$B$10,H12*$AD$6) -> 0.515806 | I29: =MIN('Peaker Keys'!$B$10,I12*$AD$6) -> 0.515806 | ... Y29: =MIN('Peaker Keys'!$B$10,Y12*$AD$6) -> 0.39566485 | Z29: =SUM($B29:$Y29)*INDEX(Clustering!$E$6:$E$11,MATCH($A29,Clustering!$D$6:$D$11,0)) -> 685.661 | AA29: =COUNTIF($B29:$Y29,"<"&'Peaker Keys'!$B$10)*INDEX(Clustering!$E$6:$E$11,MATCH($A29,Clustering!$D$6:$D$11,0)) -> 1056
A30: =A13 -> Summer | B30: =MIN('Peaker Keys'!$B$10,B13*$AD$6) -> 0.18474896 | C30: =MIN('Peaker Keys'!$B$10,C13*$AD$6) -> 0.18474896 | D30: =MIN('Peaker Keys'!$B$10,D13*$AD$6) -> 0.18474896 | E30: =MIN('Peaker Keys'!$B$10,E13*$AD$6) -> 0.18474896 | F30: =MIN('Peaker Keys'!$B$10,F13*$AD$6) -> 0.18474896 | G30: =MIN('Peaker Keys'!$B$10,G13*$AD$6) -> 0.18474896 | H30: =MIN('Peaker Keys'!$B$10,H13*$AD$6) -> 0.18474896 | I30: =MIN('Peaker Keys'!$B$10,I13*$AD$6) -> 0.18474896 | ... Y30: =MIN('Peaker Keys'!$B$10,Y13*$AD$6) -> 0.14149601 | Z30: =SUM($B30:$Y30)*INDEX(Clustering!$E$6:$E$11,MATCH($A30,Clustering!$D$6:$D$11,0)) -> 777.65055 | AA30: =COUNTIF($B30:$Y30,"<"&'Peaker Keys'!$B$10)*INDEX(Clustering!$E$6:$E$11,MATCH($A30,Clustering!$D$6:$D$11,0)) -> 2568
A31: =A14 -> Fall | B31: =MIN('Peaker Keys'!$B$10,B14*$AD$6) -> 0.50006645 | C31: =MIN('Peaker Keys'!$B$10,C14*$AD$6) -> 0.50006645 | D31: =MIN('Peaker Keys'!$B$10,D14*$AD$6) -> 0.50006645 | E31: =MIN('Peaker Keys'!$B$10,E14*$AD$6) -> 0.50006645 | F31: =MIN('Peaker Keys'!$B$10,F14*$AD$6) -> 0.50006645 | G31: =MIN('Peaker Keys'!$B$10,G14*$AD$6) -> 0.50006645 | H31: =MIN('Peaker Keys'!$B$10,H14*$AD$6) -> 0.50006645 | I31: =MIN('Peaker Keys'!$B$10,I14*$AD$6) -> 0.50006645 | ... Y31: =MIN('Peaker Keys'!$B$10,Y14*$AD$6) -> 0.66309382 | Z31: =SUM($B31:$Y31)*INDEX(Clustering!$E$6:$E$11,MATCH($A31,Clustering!$D$6:$D$11,0)) -> 1040.3948 | AA31: =COUNTIF($B31:$Y31,"<"&'Peaker Keys'!$B$10)*INDEX(Clustering!$E$6:$E$11,MATCH($A31,Clustering!$D$6:$D$11,0)) -> 885
A32: =A15 -> Summer Peak | B32: =MIN('Peaker Keys'!$B$10,B15*$AD$6) -> 1 | C32: =MIN('Peaker Keys'!$B$10,C15*$AD$6) -> 1 | D32: =MIN('Peaker Keys'!$B$10,D15*$AD$6) -> 1 | E32: =MIN('Peaker Keys'!$B$10,E15*$AD$6) -> 1 | F32: =MIN('Peaker Keys'!$B$10,F15*$AD$6) -> 1 | G32: =MIN('Peaker Keys'!$B$10,G15*$AD$6) -> 1 | H32: =MIN('Peaker Keys'!$B$10,H15*$AD$6) -> 1 | I32: =MIN('Peaker Keys'!$B$10,I15*$AD$6) -> 1 | ... Y32: =MIN('Peaker Keys'!$B$10,Y15*$AD$6) -> 1 | Z32: =SUM($B32:$Y32)*INDEX(Clustering!$E$6:$E$11,MATCH($A32,Clustering!$D$6:$D$11,0)) -> 792 | AA32: =COUNTIF($B32:$Y32,"<"&'Peaker Keys'!$B$10)*INDEX(Clustering!$E$6:$E$11,MATCH($A32,Clustering!$D$6:$D$11,0)) -> 0
A33: =A16 -> Winter Peak | B33: =MIN('Peaker Keys'!$B$10,B16*$AD$6) -> 0 | C33: =MIN('Peaker Keys'!$B$10,C16*$AD$6) -> 0 | D33: =MIN('Peaker Keys'!$B$10,D16*$AD$6) -> 0 | E33: =MIN('Peaker Keys'!$B$10,E16*$AD$6) -> 0 | F33: =MIN('Peaker Keys'!$B$10,F16*$AD$6) -> 0 | G33: =MIN('Peaker Keys'!$B$10,G16*$AD$6) -> 0 | H33: =MIN('Peaker Keys'!$B$10,H16*$AD$6) -> 0 | I33: =MIN('Peaker Keys'!$B$10,I16*$AD$6) -> 0 | ... Y33: =MIN('Peaker Keys'!$B$10,Y16*$AD$6) -> 0 | Z33: =SUM($B33:$Y33)*INDEX(Clustering!$E$6:$E$11,MATCH($A33,Clustering!$D$6:$D$11,0)) -> 0 | AA33: =COUNTIF($B33:$Y33,"<"&'Peaker Keys'!$B$10)*INDEX(Clustering!$E$6:$E$11,MATCH($A33,Clustering!$D$6:$D$11,0)) -> 600
A35: Multiplicative pass 3: MIN(clip, block 0 x scale 3)
A36: =A11 -> Winter | B36: =MIN('Peaker Keys'!$B$10,B11*$AD$8) -> 0 | C36: =MIN('Peaker Keys'!$B$10,C11*$AD$8) -> 0 | D36: =MIN('Peaker Keys'!$B$10,D11*$AD$8) -> 0 | E36: =MIN('Peaker Keys'!$B$10,E11*$AD$8) -> 0 | F36: =MIN('Peaker Keys'!$B$10,F11*$AD$8) -> 0 | G36: =MIN('Peaker Keys'!$B$10,G11*$AD$8) -> 0 | H36: =MIN('Peaker Keys'!$B$10,H11*$AD$8) -> 0 | I36: =MIN('Peaker Keys'!$B$10,I11*$AD$8) -> 0 | ... Y36: =MIN('Peaker Keys'!$B$10,Y11*$AD$8) -> 0 | Z36: =SUM($B36:$Y36)*INDEX(Clustering!$E$6:$E$11,MATCH($A36,Clustering!$D$6:$D$11,0)) -> 0 | AA36: =COUNTIF($B36:$Y36,"<"&'Peaker Keys'!$B$10)*INDEX(Clustering!$E$6:$E$11,MATCH($A36,Clustering!$D$6:$D$11,0)) -> 2232
A37: =A12 -> Spring | B37: =MIN('Peaker Keys'!$B$10,B12*$AD$8) -> 0.58796527 | C37: =MIN('Peaker Keys'!$B$10,C12*$AD$8) -> 0.58796527 | D37: =MIN('Peaker Keys'!$B$10,D12*$AD$8) -> 0.58796527 | E37: =MIN('Peaker Keys'!$B$10,E12*$AD$8) -> 0.58796527 | F37: =MIN('Peaker Keys'!$B$10,F12*$AD$8) -> 0.58796527 | G37: =MIN('Peaker Keys'!$B$10,G12*$AD$8) -> 0.58796527 | H37: =MIN('Peaker Keys'!$B$10,H12*$AD$8) -> 0.58796527 | I37: =MIN('Peaker Keys'!$B$10,I12*$AD$8) -> 0.58796527 | ... Y37: =MIN('Peaker Keys'!$B$10,Y12*$AD$8) -> 0.45101684 | Z37: =SUM($B37:$Y37)*INDEX(Clustering!$E$6:$E$11,MATCH($A37,Clustering!$D$6:$D$11,0)) -> 764.59082 | AA37: =COUNTIF($B37:$Y37,"<"&'Peaker Keys'!$B$10)*INDEX(Clustering!$E$6:$E$11,MATCH($A37,Clustering!$D$6:$D$11,0)) -> 1008
A38: =A13 -> Summer | B38: =MIN('Peaker Keys'!$B$10,B13*$AD$8) -> 0.21059463 | C38: =MIN('Peaker Keys'!$B$10,C13*$AD$8) -> 0.21059463 | D38: =MIN('Peaker Keys'!$B$10,D13*$AD$8) -> 0.21059463 | E38: =MIN('Peaker Keys'!$B$10,E13*$AD$8) -> 0.21059463 | F38: =MIN('Peaker Keys'!$B$10,F13*$AD$8) -> 0.21059463 | G38: =MIN('Peaker Keys'!$B$10,G13*$AD$8) -> 0.21059463 | H38: =MIN('Peaker Keys'!$B$10,H13*$AD$8) -> 0.21059463 | I38: =MIN('Peaker Keys'!$B$10,I13*$AD$8) -> 0.21059463 | ... Y38: =MIN('Peaker Keys'!$B$10,Y13*$AD$8) -> 0.16129076 | Z38: =SUM($B38:$Y38)*INDEX(Clustering!$E$6:$E$11,MATCH($A38,Clustering!$D$6:$D$11,0)) -> 886.44085 | AA38: =COUNTIF($B38:$Y38,"<"&'Peaker Keys'!$B$10)*INDEX(Clustering!$E$6:$E$11,MATCH($A38,Clustering!$D$6:$D$11,0)) -> 2568
A39: =A14 -> Fall | B39: =MIN('Peaker Keys'!$B$10,B14*$AD$8) -> 0.57002381 | C39: =MIN('Peaker Keys'!$B$10,C14*$AD$8) -> 0.57002381 | D39: =MIN('Peaker Keys'!$B$10,D14*$AD$8) -> 0.57002381 | E39: =MIN('Peaker Keys'!$B$10,E14*$AD$8) -> 0.57002381 | F39: =MIN('Peaker Keys'!$B$10,F14*$AD$8) -> 0.57002381 | G39: =MIN('Peaker Keys'!$B$10,G14*$AD$8) -> 0.57002381 | H39: =MIN('Peaker Keys'!$B$10,H14*$AD$8) -> 0.57002381 | I39: =MIN('Peaker Keys'!$B$10,I14*$AD$8) -> 0.57002381 | ... Y39: =MIN('Peaker Keys'!$B$10,Y14*$AD$8) -> 0.75585808 | Z39: =SUM($B39:$Y39)*INDEX(Clustering!$E$6:$E$11,MATCH($A39,Clustering!$D$6:$D$11,0)) -> 1108.6824 | AA39: =COUNTIF($B39:$Y39,"<"&'Peaker Keys'!$B$10)*INDEX(Clustering!$E$6:$E$11,MATCH($A39,Clustering!$D$6:$D$11,0)) -> 826
A40: =A15 -> Summer Peak | B40: =MIN('Peaker Keys'!$B$10,B15*$AD$8) -> 1 | C40: =MIN('Peaker Keys'!$B$10,C15*$AD$8) -> 1 | D40: =MIN('Peaker Keys'!$B$10,D15*$AD$8) -> 1 | E40: =MIN('Peaker Keys'!$B$10,E15*$AD$8) -> 1 | F40: =MIN('Peaker Keys'!$B$10,F15*$AD$8) -> 1 | G40: =MIN('Peaker Keys'!$B$10,G15*$AD$8) -> 1 | H40: =MIN('Peaker Keys'!$B$10,H15*$AD$8) -> 1 | I40: =MIN('Peaker Keys'!$B$10,I15*$AD$8) -> 1 | ... Y40: =MIN('Peaker Keys'!$B$10,Y15*$AD$8) -> 1 | Z40: =SUM($B40:$Y40)*INDEX(Clustering!$E$6:$E$11,MATCH($A40,Clustering!$D$6:$D$11,0)) -> 792 | AA40: =COUNTIF($B40:$Y40,"<"&'Peaker Keys'!$B$10)*INDEX(Clustering!$E$6:$E$11,MATCH($A40,Clustering!$D$6:$D$11,0)) -> 0
A41: =A16 -> Winter Peak | B41: =MIN('Peaker Keys'!$B$10,B16*$AD$8) -> 0 | C41: =MIN('Peaker Keys'!$B$10,C16*$AD$8) -> 0 | D41: =MIN('Peaker Keys'!$B$10,D16*$AD$8) -> 0 | E41: =MIN('Peaker Keys'!$B$10,E16*$AD$8) -> 0 | F41: =MIN('Peaker Keys'!$B$10,F16*$AD$8) -> 0 | G41: =MIN('Peaker Keys'!$B$10,G16*$AD$8) -> 0 | H41: =MIN('Peaker Keys'!$B$10,H16*$AD$8) -> 0 | I41: =MIN('Peaker Keys'!$B$10,I16*$AD$8) -> 0 | ... Y41: =MIN('Peaker Keys'!$B$10,Y16*$AD$8) -> 0 | Z41: =SUM($B41:$Y41)*INDEX(Clustering!$E$6:$E$11,MATCH($A41,Clustering!$D$6:$D$11,0)) -> 0 | AA41: =COUNTIF($B41:$Y41,"<"&'Peaker Keys'!$B$10)*INDEX(Clustering!$E$6:$E$11,MATCH($A41,Clustering!$D$6:$D$11,0)) -> 600
A43: Multiplicative pass 4: MIN(clip, block 0 x scale 4)
A44: =A11 -> Winter | B44: =MIN('Peaker Keys'!$B$10,B11*$AD$10) -> 0 | C44: =MIN('Peaker Keys'!$B$10,C11*$AD$10) -> 0 | D44: =MIN('Peaker Keys'!$B$10,D11*$AD$10) -> 0 | E44: =MIN('Peaker Keys'!$B$10,E11*$AD$10) -> 0 | F44: =MIN('Peaker Keys'!$B$10,F11*$AD$10) -> 0 | G44: =MIN('Peaker Keys'!$B$10,G11*$AD$10) -> 0 | H44: =MIN('Peaker Keys'!$B$10,H11*$AD$10) -> 0 | I44: =MIN('Peaker Keys'!$B$10,I11*$AD$10) -> 0 | ... Y44: =MIN('Peaker Keys'!$B$10,Y11*$AD$10) -> 0 | Z44: =SUM($B44:$Y44)*INDEX(Clustering!$E$6:$E$11,MATCH($A44,Clustering!$D$6:$D$11,0)) -> 0 | AA44: =COUNTIF($B44:$Y44,"<"&'Peaker Keys'!$B$10)*INDEX(Clustering!$E$6:$E$11,MATCH($A44,Clustering!$D$6:$D$11,0)) -> 2232
A45: =A12 -> Spring | B45: =MIN('Peaker Keys'!$B$10,B12*$AD$10) -> 0.62190989 | C45: =MIN('Peaker Keys'!$B$10,C12*$AD$10) -> 0.62190989 | D45: =MIN('Peaker Keys'!$B$10,D12*$AD$10) -> 0.62190989 | E45: =MIN('Peaker Keys'!$B$10,E12*$AD$10) -> 0.62190989 | F45: =MIN('Peaker Keys'!$B$10,F12*$AD$10) -> 0.62190989 | G45: =MIN('Peaker Keys'!$B$10,G12*$AD$10) -> 0.62190989 | H45: =MIN('Peaker Keys'!$B$10,H12*$AD$10) -> 0.62190989 | I45: =MIN('Peaker Keys'!$B$10,I12*$AD$10) -> 0.62190989 | ... Y45: =MIN('Peaker Keys'!$B$10,Y12*$AD$10) -> 0.47705511 | Z45: =SUM($B45:$Y45)*INDEX(Clustering!$E$6:$E$11,MATCH($A45,Clustering!$D$6:$D$11,0)) -> 799.37696 | AA45: =COUNTIF($B45:$Y45,"<"&'Peaker Keys'!$B$10)*INDEX(Clustering!$E$6:$E$11,MATCH($A45,Clustering!$D$6:$D$11,0)) -> 960
A46: =A13 -> Summer | B46: =MIN('Peaker Keys'!$B$10,B13*$AD$10) -> 0.22275276 | C46: =MIN('Peaker Keys'!$B$10,C13*$AD$10) -> 0.22275276 | D46: =MIN('Peaker Keys'!$B$10,D13*$AD$10) -> 0.22275276 | E46: =MIN('Peaker Keys'!$B$10,E13*$AD$10) -> 0.22275276 | F46: =MIN('Peaker Keys'!$B$10,F13*$AD$10) -> 0.22275276 | G46: =MIN('Peaker Keys'!$B$10,G13*$AD$10) -> 0.22275276 | H46: =MIN('Peaker Keys'!$B$10,H13*$AD$10) -> 0.22275276 | I46: =MIN('Peaker Keys'!$B$10,I13*$AD$10) -> 0.22275276 | ... Y46: =MIN('Peaker Keys'!$B$10,Y13*$AD$10) -> 0.17060245 | Z46: =SUM($B46:$Y46)*INDEX(Clustering!$E$6:$E$11,MATCH($A46,Clustering!$D$6:$D$11,0)) -> 937.61718 | AA46: =COUNTIF($B46:$Y46,"<"&'Peaker Keys'!$B$10)*INDEX(Clustering!$E$6:$E$11,MATCH($A46,Clustering!$D$6:$D$11,0)) -> 2568
A47: =A14 -> Fall | B47: =MIN('Peaker Keys'!$B$10,B14*$AD$10) -> 0.60293263 | C47: =MIN('Peaker Keys'!$B$10,C14*$AD$10) -> 0.60293263 | D47: =MIN('Peaker Keys'!$B$10,D14*$AD$10) -> 0.60293263 | E47: =MIN('Peaker Keys'!$B$10,E14*$AD$10) -> 0.60293263 | F47: =MIN('Peaker Keys'!$B$10,F14*$AD$10) -> 0.60293263 | G47: =MIN('Peaker Keys'!$B$10,G14*$AD$10) -> 0.60293263 | H47: =MIN('Peaker Keys'!$B$10,H14*$AD$10) -> 0.60293263 | I47: =MIN('Peaker Keys'!$B$10,I14*$AD$10) -> 0.60293263 | ... Y47: =MIN('Peaker Keys'!$B$10,Y14*$AD$10) -> 0.79949555 | Z47: =SUM($B47:$Y47)*INDEX(Clustering!$E$6:$E$11,MATCH($A47,Clustering!$D$6:$D$11,0)) -> 1138.6272 | AA47: =COUNTIF($B47:$Y47,"<"&'Peaker Keys'!$B$10)*INDEX(Clustering!$E$6:$E$11,MATCH($A47,Clustering!$D$6:$D$11,0)) -> 826
A48: =A15 -> Summer Peak | B48: =MIN('Peaker Keys'!$B$10,B15*$AD$10) -> 1 | C48: =MIN('Peaker Keys'!$B$10,C15*$AD$10) -> 1 | D48: =MIN('Peaker Keys'!$B$10,D15*$AD$10) -> 1 | E48: =MIN('Peaker Keys'!$B$10,E15*$AD$10) -> 1 | F48: =MIN('Peaker Keys'!$B$10,F15*$AD$10) -> 1 | G48: =MIN('Peaker Keys'!$B$10,G15*$AD$10) -> 1 | H48: =MIN('Peaker Keys'!$B$10,H15*$AD$10) -> 1 | I48: =MIN('Peaker Keys'!$B$10,I15*$AD$10) -> 1 | ... Y48: =MIN('Peaker Keys'!$B$10,Y15*$AD$10) -> 1 | Z48: =SUM($B48:$Y48)*INDEX(Clustering!$E$6:$E$11,MATCH($A48,Clustering!$D$6:$D$11,0)) -> 792 | AA48: =COUNTIF($B48:$Y48,"<"&'Peaker Keys'!$B$10)*INDEX(Clustering!$E$6:$E$11,MATCH($A48,Clustering!$D$6:$D$11,0)) -> 0
A49: =A16 -> Winter Peak | B49: =MIN('Peaker Keys'!$B$10,B16*$AD$10) -> 0 | C49: =MIN('Peaker Keys'!$B$10,C16*$AD$10) -> 0 | D49: =MIN('Peaker Keys'!$B$10,D16*$AD$10) -> 0 | E49: =MIN('Peaker Keys'!$B$10,E16*$AD$10) -> 0 | F49: =MIN('Peaker Keys'!$B$10,F16*$AD$10) -> 0 | G49: =MIN('Peaker Keys'!$B$10,G16*$AD$10) -> 0 | H49: =MIN('Peaker Keys'!$B$10,H16*$AD$10) -> 0 | I49: =MIN('Peaker Keys'!$B$10,I16*$AD$10) -> 0 | ... Y49: =MIN('Peaker Keys'!$B$10,Y16*$AD$10) -> 0 | Z49: =SUM($B49:$Y49)*INDEX(Clustering!$E$6:$E$11,MATCH($A49,Clustering!$D$6:$D$11,0)) -> 0 | AA49: =COUNTIF($B49:$Y49,"<"&'Peaker Keys'!$B$10)*INDEX(Clustering!$E$6:$E$11,MATCH($A49,Clustering!$D$6:$D$11,0)) -> 600
A51: Multiplicative pass 5: MIN(clip, block 0 x scale 5)
A52: =A11 -> Winter | B52: =MIN('Peaker Keys'!$B$10,B11*$AD$12) -> 0 | C52: =MIN('Peaker Keys'!$B$10,C11*$AD$12) -> 0 | D52: =MIN('Peaker Keys'!$B$10,D11*$AD$12) -> 0 | E52: =MIN('Peaker Keys'!$B$10,E11*$AD$12) -> 0 | F52: =MIN('Peaker Keys'!$B$10,F11*$AD$12) -> 0 | G52: =MIN('Peaker Keys'!$B$10,G11*$AD$12) -> 0 | H52: =MIN('Peaker Keys'!$B$10,H11*$AD$12) -> 0 | I52: =MIN('Peaker Keys'!$B$10,I11*$AD$12) -> 0 | ... Y52: =MIN('Peaker Keys'!$B$10,Y11*$AD$12) -> 0 | Z52: =SUM($B52:$Y52)*INDEX(Clustering!$E$6:$E$11,MATCH($A52,Clustering!$D$6:$D$11,0)) -> 0 | AA52: =COUNTIF($B52:$Y52,"<"&'Peaker Keys'!$B$10)*INDEX(Clustering!$E$6:$E$11,MATCH($A52,Clustering!$D$6:$D$11,0)) -> 2232
A53: =A12 -> Spring | B53: =MIN('Peaker Keys'!$B$10,B12*$AD$12) -> 0.63702543 | C53: =MIN('Peaker Keys'!$B$10,C12*$AD$12) -> 0.63702543 | D53: =MIN('Peaker Keys'!$B$10,D12*$AD$12) -> 0.63702543 | E53: =MIN('Peaker Keys'!$B$10,E12*$AD$12) -> 0.63702543 | F53: =MIN('Peaker Keys'!$B$10,F12*$AD$12) -> 0.63702543 | G53: =MIN('Peaker Keys'!$B$10,G12*$AD$12) -> 0.63702543 | H53: =MIN('Peaker Keys'!$B$10,H12*$AD$12) -> 0.63702543 | I53: =MIN('Peaker Keys'!$B$10,I12*$AD$12) -> 0.63702543 | ... Y53: =MIN('Peaker Keys'!$B$10,Y12*$AD$12) -> 0.48864994 | Z53: =SUM($B53:$Y53)*INDEX(Clustering!$E$6:$E$11,MATCH($A53,Clustering!$D$6:$D$11,0)) -> 814.13927 | AA53: =COUNTIF($B53:$Y53,"<"&'Peaker Keys'!$B$10)*INDEX(Clustering!$E$6:$E$11,MATCH($A53,Clustering!$D$6:$D$11,0)) -> 960
A54: =A13 -> Summer | B54: =MIN('Peaker Keys'!$B$10,B13*$AD$12) -> 0.22816677 | C54: =MIN('Peaker Keys'!$B$10,C13*$AD$12) -> 0.22816677 | D54: =MIN('Peaker Keys'!$B$10,D13*$AD$12) -> 0.22816677 | E54: =MIN('Peaker Keys'!$B$10,E13*$AD$12) -> 0.22816677 | F54: =MIN('Peaker Keys'!$B$10,F13*$AD$12) -> 0.22816677 | G54: =MIN('Peaker Keys'!$B$10,G13*$AD$12) -> 0.22816677 | H54: =MIN('Peaker Keys'!$B$10,H13*$AD$12) -> 0.22816677 | I54: =MIN('Peaker Keys'!$B$10,I13*$AD$12) -> 0.22816677 | ... Y54: =MIN('Peaker Keys'!$B$10,Y13*$AD$12) -> 0.17474895 | Z54: =SUM($B54:$Y54)*INDEX(Clustering!$E$6:$E$11,MATCH($A54,Clustering!$D$6:$D$11,0)) -> 960.40599 | AA54: =COUNTIF($B54:$Y54,"<"&'Peaker Keys'!$B$10)*INDEX(Clustering!$E$6:$E$11,MATCH($A54,Clustering!$D$6:$D$11,0)) -> 2568
A55: =A14 -> Fall | B55: =MIN('Peaker Keys'!$B$10,B14*$AD$12) -> 0.61758692 | C55: =MIN('Peaker Keys'!$B$10,C14*$AD$12) -> 0.61758692 | D55: =MIN('Peaker Keys'!$B$10,D14*$AD$12) -> 0.61758692 | E55: =MIN('Peaker Keys'!$B$10,E14*$AD$12) -> 0.61758692 | F55: =MIN('Peaker Keys'!$B$10,F14*$AD$12) -> 0.61758692 | G55: =MIN('Peaker Keys'!$B$10,G14*$AD$12) -> 0.61758692 | H55: =MIN('Peaker Keys'!$B$10,H14*$AD$12) -> 0.61758692 | I55: =MIN('Peaker Keys'!$B$10,I14*$AD$12) -> 0.61758692 | ... Y55: =MIN('Peaker Keys'!$B$10,Y14*$AD$12) -> 0.81892731 | Z55: =SUM($B55:$Y55)*INDEX(Clustering!$E$6:$E$11,MATCH($A55,Clustering!$D$6:$D$11,0)) -> 1151.9616 | AA55: =COUNTIF($B55:$Y55,"<"&'Peaker Keys'!$B$10)*INDEX(Clustering!$E$6:$E$11,MATCH($A55,Clustering!$D$6:$D$11,0)) -> 826
A56: =A15 -> Summer Peak | B56: =MIN('Peaker Keys'!$B$10,B15*$AD$12) -> 1 | C56: =MIN('Peaker Keys'!$B$10,C15*$AD$12) -> 1 | D56: =MIN('Peaker Keys'!$B$10,D15*$AD$12) -> 1 | E56: =MIN('Peaker Keys'!$B$10,E15*$AD$12) -> 1 | F56: =MIN('Peaker Keys'!$B$10,F15*$AD$12) -> 1 | G56: =MIN('Peaker Keys'!$B$10,G15*$AD$12) -> 1 | H56: =MIN('Peaker Keys'!$B$10,H15*$AD$12) -> 1 | I56: =MIN('Peaker Keys'!$B$10,I15*$AD$12) -> 1 | ... Y56: =MIN('Peaker Keys'!$B$10,Y15*$AD$12) -> 1 | Z56: =SUM($B56:$Y56)*INDEX(Clustering!$E$6:$E$11,MATCH($A56,Clustering!$D$6:$D$11,0)) -> 792 | AA56: =COUNTIF($B56:$Y56,"<"&'Peaker Keys'!$B$10)*INDEX(Clustering!$E$6:$E$11,MATCH($A56,Clustering!$D$6:$D$11,0)) -> 0
A57: =A16 -> Winter Peak | B57: =MIN('Peaker Keys'!$B$10,B16*$AD$12) -> 0 | C57: =MIN('Peaker Keys'!$B$10,C16*$AD$12) -> 0 | D57: =MIN('Peaker Keys'!$B$10,D16*$AD$12) -> 0 | E57: =MIN('Peaker Keys'!$B$10,E16*$AD$12) -> 0 | F57: =MIN('Peaker Keys'!$B$10,F16*$AD$12) -> 0 | G57: =MIN('Peaker Keys'!$B$10,G16*$AD$12) -> 0 | H57: =MIN('Peaker Keys'!$B$10,H16*$AD$12) -> 0 | I57: =MIN('Peaker Keys'!$B$10,I16*$AD$12) -> 0 | ... Y57: =MIN('Peaker Keys'!$B$10,Y16*$AD$12) -> 0 | Z57: =SUM($B57:$Y57)*INDEX(Clustering!$E$6:$E$11,MATCH($A57,Clustering!$D$6:$D$11,0)) -> 0 | AA57: =COUNTIF($B57:$Y57,"<"&'Peaker Keys'!$B$10)*INDEX(Clustering!$E$6:$E$11,MATCH($A57,Clustering!$D$6:$D$11,0)) -> 600
A59: Multiplicative pass 6: MIN(clip, block 0 x scale 6)
A60: =A11 -> Winter | B60: =MIN('Peaker Keys'!$B$10,B11*$AD$14) -> 0 | C60: =MIN('Peaker Keys'!$B$10,C11*$AD$14) -> 0 | D60: =MIN('Peaker Keys'!$B$10,D11*$AD$14) -> 0 | E60: =MIN('Peaker Keys'!$B$10,E11*$AD$14) -> 0 | F60: =MIN('Peaker Keys'!$B$10,F11*$AD$14) -> 0 | G60: =MIN('Peaker Keys'!$B$10,G11*$AD$14) -> 0 | H60: =MIN('Peaker Keys'!$B$10,H11*$AD$14) -> 0 | I60: =MIN('Peaker Keys'!$B$10,I11*$AD$14) -> 0 | ... Y60: =MIN('Peaker Keys'!$B$10,Y11*$AD$14) -> 0 | Z60: =SUM($B60:$Y60)*INDEX(Clustering!$E$6:$E$11,MATCH($A60,Clustering!$D$6:$D$11,0)) -> 0 | AA60: =COUNTIF($B60:$Y60,"<"&'Peaker Keys'!$B$10)*INDEX(Clustering!$E$6:$E$11,MATCH($A60,Clustering!$D$6:$D$11,0)) -> 2232
A61: =A12 -> Spring | B61: =MIN('Peaker Keys'!$B$10,B12*$AD$14) -> 0.64357917 | C61: =MIN('Peaker Keys'!$B$10,C12*$AD$14) -> 0.64357917 | D61: =MIN('Peaker Keys'!$B$10,D12*$AD$14) -> 0.64357917 | E61: =MIN('Peaker Keys'!$B$10,E12*$AD$14) -> 0.64357917 | F61: =MIN('Peaker Keys'!$B$10,F12*$AD$14) -> 0.64357917 | G61: =MIN('Peaker Keys'!$B$10,G12*$AD$14) -> 0.64357917 | H61: =MIN('Peaker Keys'!$B$10,H12*$AD$14) -> 0.64357917 | I61: =MIN('Peaker Keys'!$B$10,I12*$AD$14) -> 0.64357917 | ... Y61: =MIN('Peaker Keys'!$B$10,Y12*$AD$14) -> 0.49367719 | Z61: =SUM($B61:$Y61)*INDEX(Clustering!$E$6:$E$11,MATCH($A61,Clustering!$D$6:$D$11,0)) -> 820.53986 | AA61: =COUNTIF($B61:$Y61,"<"&'Peaker Keys'!$B$10)*INDEX(Clustering!$E$6:$E$11,MATCH($A61,Clustering!$D$6:$D$11,0)) -> 960
A62: =A13 -> Summer | B62: =MIN('Peaker Keys'!$B$10,B13*$AD$14) -> 0.23051415 | C62: =MIN('Peaker Keys'!$B$10,C13*$AD$14) -> 0.23051415 | D62: =MIN('Peaker Keys'!$B$10,D13*$AD$14) -> 0.23051415 | E62: =MIN('Peaker Keys'!$B$10,E13*$AD$14) -> 0.23051415 | F62: =MIN('Peaker Keys'!$B$10,F13*$AD$14) -> 0.23051415 | G62: =MIN('Peaker Keys'!$B$10,G13*$AD$14) -> 0.23051415 | H62: =MIN('Peaker Keys'!$B$10,H13*$AD$14) -> 0.23051415 | I62: =MIN('Peaker Keys'!$B$10,I13*$AD$14) -> 0.23051415 | ... Y62: =MIN('Peaker Keys'!$B$10,Y13*$AD$14) -> 0.17654677 | Z62: =SUM($B62:$Y62)*INDEX(Clustering!$E$6:$E$11,MATCH($A62,Clustering!$D$6:$D$11,0)) -> 970.28668 | AA62: =COUNTIF($B62:$Y62,"<"&'Peaker Keys'!$B$10)*INDEX(Clustering!$E$6:$E$11,MATCH($A62,Clustering!$D$6:$D$11,0)) -> 2568
A63: =A14 -> Fall | B63: =MIN('Peaker Keys'!$B$10,B14*$AD$14) -> 0.62394068 | C63: =MIN('Peaker Keys'!$B$10,C14*$AD$14) -> 0.62394068 | D63: =MIN('Peaker Keys'!$B$10,D14*$AD$14) -> 0.62394068 | E63: =MIN('Peaker Keys'!$B$10,E14*$AD$14) -> 0.62394068 | F63: =MIN('Peaker Keys'!$B$10,F14*$AD$14) -> 0.62394068 | G63: =MIN('Peaker Keys'!$B$10,G14*$AD$14) -> 0.62394068 | H63: =MIN('Peaker Keys'!$B$10,H14*$AD$14) -> 0.62394068 | I63: =MIN('Peaker Keys'!$B$10,I14*$AD$14) -> 0.62394068 | ... Y63: =MIN('Peaker Keys'!$B$10,Y14*$AD$14) -> 0.82735246 | Z63: =SUM($B63:$Y63)*INDEX(Clustering!$E$6:$E$11,MATCH($A63,Clustering!$D$6:$D$11,0)) -> 1157.743 | AA63: =COUNTIF($B63:$Y63,"<"&'Peaker Keys'!$B$10)*INDEX(Clustering!$E$6:$E$11,MATCH($A63,Clustering!$D$6:$D$11,0)) -> 826
A64: =A15 -> Summer Peak | B64: =MIN('Peaker Keys'!$B$10,B15*$AD$14) -> 1 | C64: =MIN('Peaker Keys'!$B$10,C15*$AD$14) -> 1 | D64: =MIN('Peaker Keys'!$B$10,D15*$AD$14) -> 1 | E64: =MIN('Peaker Keys'!$B$10,E15*$AD$14) -> 1 | F64: =MIN('Peaker Keys'!$B$10,F15*$AD$14) -> 1 | G64: =MIN('Peaker Keys'!$B$10,G15*$AD$14) -> 1 | H64: =MIN('Peaker Keys'!$B$10,H15*$AD$14) -> 1 | I64: =MIN('Peaker Keys'!$B$10,I15*$AD$14) -> 1 | ... Y64: =MIN('Peaker Keys'!$B$10,Y15*$AD$14) -> 1 | Z64: =SUM($B64:$Y64)*INDEX(Clustering!$E$6:$E$11,MATCH($A64,Clustering!$D$6:$D$11,0)) -> 792 | AA64: =COUNTIF($B64:$Y64,"<"&'Peaker Keys'!$B$10)*INDEX(Clustering!$E$6:$E$11,MATCH($A64,Clustering!$D$6:$D$11,0)) -> 0
A65: =A16 -> Winter Peak | B65: =MIN('Peaker Keys'!$B$10,B16*$AD$14) -> 0 | C65: =MIN('Peaker Keys'!$B$10,C16*$AD$14) -> 0 | D65: =MIN('Peaker Keys'!$B$10,D16*$AD$14) -> 0 | E65: =MIN('Peaker Keys'!$B$10,E16*$AD$14) -> 0 | F65: =MIN('Peaker Keys'!$B$10,F16*$AD$14) -> 0 | G65: =MIN('Peaker Keys'!$B$10,G16*$AD$14) -> 0 | H65: =MIN('Peaker Keys'!$B$10,H16*$AD$14) -> 0 | I65: =MIN('Peaker Keys'!$B$10,I16*$AD$14) -> 0 | ... Y65: =MIN('Peaker Keys'!$B$10,Y16*$AD$14) -> 0 | Z65: =SUM($B65:$Y65)*INDEX(Clustering!$E$6:$E$11,MATCH($A65,Clustering!$D$6:$D$11,0)) -> 0 | AA65: =COUNTIF($B65:$Y65,"<"&'Peaker Keys'!$B$10)*INDEX(Clustering!$E$6:$E$11,MATCH($A65,Clustering!$D$6:$D$11,0)) -> 600
A67: Additive water-fill pass 1: MIN(clip, mult pass 6 + lift 1)
A68: =A11 -> Winter | B68: =MIN('Peaker Keys'!$B$10,B60+$AD$16) -> 0.0022534594 | C68: =MIN('Peaker Keys'!$B$10,C60+$AD$16) -> 0.0022534594 | D68: =MIN('Peaker Keys'!$B$10,D60+$AD$16) -> 0.0022534594 | E68: =MIN('Peaker Keys'!$B$10,E60+$AD$16) -> 0.0022534594 | F68: =MIN('Peaker Keys'!$B$10,F60+$AD$16) -> 0.0022534594 | G68: =MIN('Peaker Keys'!$B$10,G60+$AD$16) -> 0.0022534594 | H68: =MIN('Peaker Keys'!$B$10,H60+$AD$16) -> 0.0022534594 | I68: =MIN('Peaker Keys'!$B$10,I60+$AD$16) -> 0.0022534594 | ... Y68: =MIN('Peaker Keys'!$B$10,Y60+$AD$16) -> 0.0022534594 | Z68: =SUM($B68:$Y68)*INDEX(Clustering!$E$6:$E$11,MATCH($A68,Clustering!$D$6:$D$11,0)) -> 5.0297215 | AA68: =COUNTIF($B68:$Y68,"<"&'Peaker Keys'!$B$10)*INDEX(Clustering!$E$6:$E$11,MATCH($A68,Clustering!$D$6:$D$11,0)) -> 2232
A69: =A12 -> Spring | B69: =MIN('Peaker Keys'!$B$10,B61+$AD$16) -> 0.64583263 | C69: =MIN('Peaker Keys'!$B$10,C61+$AD$16) -> 0.64583263 | D69: =MIN('Peaker Keys'!$B$10,D61+$AD$16) -> 0.64583263 | E69: =MIN('Peaker Keys'!$B$10,E61+$AD$16) -> 0.64583263 | F69: =MIN('Peaker Keys'!$B$10,F61+$AD$16) -> 0.64583263 | G69: =MIN('Peaker Keys'!$B$10,G61+$AD$16) -> 0.64583263 | H69: =MIN('Peaker Keys'!$B$10,H61+$AD$16) -> 0.64583263 | I69: =MIN('Peaker Keys'!$B$10,I61+$AD$16) -> 0.64583263 | ... Y69: =MIN('Peaker Keys'!$B$10,Y61+$AD$16) -> 0.49593065 | Z69: =SUM($B69:$Y69)*INDEX(Clustering!$E$6:$E$11,MATCH($A69,Clustering!$D$6:$D$11,0)) -> 822.70318 | AA69: =COUNTIF($B69:$Y69,"<"&'Peaker Keys'!$B$10)*INDEX(Clustering!$E$6:$E$11,MATCH($A69,Clustering!$D$6:$D$11,0)) -> 960
A70: =A13 -> Summer | B70: =MIN('Peaker Keys'!$B$10,B62+$AD$16) -> 0.23276761 | C70: =MIN('Peaker Keys'!$B$10,C62+$AD$16) -> 0.23276761 | D70: =MIN('Peaker Keys'!$B$10,D62+$AD$16) -> 0.23276761 | E70: =MIN('Peaker Keys'!$B$10,E62+$AD$16) -> 0.23276761 | F70: =MIN('Peaker Keys'!$B$10,F62+$AD$16) -> 0.23276761 | G70: =MIN('Peaker Keys'!$B$10,G62+$AD$16) -> 0.23276761 | H70: =MIN('Peaker Keys'!$B$10,H62+$AD$16) -> 0.23276761 | I70: =MIN('Peaker Keys'!$B$10,I62+$AD$16) -> 0.23276761 | ... Y70: =MIN('Peaker Keys'!$B$10,Y62+$AD$16) -> 0.17880023 | Z70: =SUM($B70:$Y70)*INDEX(Clustering!$E$6:$E$11,MATCH($A70,Clustering!$D$6:$D$11,0)) -> 976.07356 | AA70: =COUNTIF($B70:$Y70,"<"&'Peaker Keys'!$B$10)*INDEX(Clustering!$E$6:$E$11,MATCH($A70,Clustering!$D$6:$D$11,0)) -> 2568
A71: =A14 -> Fall | B71: =MIN('Peaker Keys'!$B$10,B63+$AD$16) -> 0.62619414 | C71: =MIN('Peaker Keys'!$B$10,C63+$AD$16) -> 0.62619414 | D71: =MIN('Peaker Keys'!$B$10,D63+$AD$16) -> 0.62619414 | E71: =MIN('Peaker Keys'!$B$10,E63+$AD$16) -> 0.62619414 | F71: =MIN('Peaker Keys'!$B$10,F63+$AD$16) -> 0.62619414 | G71: =MIN('Peaker Keys'!$B$10,G63+$AD$16) -> 0.62619414 | H71: =MIN('Peaker Keys'!$B$10,H63+$AD$16) -> 0.62619414 | I71: =MIN('Peaker Keys'!$B$10,I63+$AD$16) -> 0.62619414 | ... Y71: =MIN('Peaker Keys'!$B$10,Y63+$AD$16) -> 0.82960592 | Z71: =SUM($B71:$Y71)*INDEX(Clustering!$E$6:$E$11,MATCH($A71,Clustering!$D$6:$D$11,0)) -> 1159.6044 | AA71: =COUNTIF($B71:$Y71,"<"&'Peaker Keys'!$B$10)*INDEX(Clustering!$E$6:$E$11,MATCH($A71,Clustering!$D$6:$D$11,0)) -> 826
A72: =A15 -> Summer Peak | B72: =MIN('Peaker Keys'!$B$10,B64+$AD$16) -> 1 | C72: =MIN('Peaker Keys'!$B$10,C64+$AD$16) -> 1 | D72: =MIN('Peaker Keys'!$B$10,D64+$AD$16) -> 1 | E72: =MIN('Peaker Keys'!$B$10,E64+$AD$16) -> 1 | F72: =MIN('Peaker Keys'!$B$10,F64+$AD$16) -> 1 | G72: =MIN('Peaker Keys'!$B$10,G64+$AD$16) -> 1 | H72: =MIN('Peaker Keys'!$B$10,H64+$AD$16) -> 1 | I72: =MIN('Peaker Keys'!$B$10,I64+$AD$16) -> 1 | ... Y72: =MIN('Peaker Keys'!$B$10,Y64+$AD$16) -> 1 | Z72: =SUM($B72:$Y72)*INDEX(Clustering!$E$6:$E$11,MATCH($A72,Clustering!$D$6:$D$11,0)) -> 792 | AA72: =COUNTIF($B72:$Y72,"<"&'Peaker Keys'!$B$10)*INDEX(Clustering!$E$6:$E$11,MATCH($A72,Clustering!$D$6:$D$11,0)) -> 0
A73: =A16 -> Winter Peak | B73: =MIN('Peaker Keys'!$B$10,B65+$AD$16) -> 0.0022534594 | C73: =MIN('Peaker Keys'!$B$10,C65+$AD$16) -> 0.0022534594 | D73: =MIN('Peaker Keys'!$B$10,D65+$AD$16) -> 0.0022534594 | E73: =MIN('Peaker Keys'!$B$10,E65+$AD$16) -> 0.0022534594 | F73: =MIN('Peaker Keys'!$B$10,F65+$AD$16) -> 0.0022534594 | G73: =MIN('Peaker Keys'!$B$10,G65+$AD$16) -> 0.0022534594 | H73: =MIN('Peaker Keys'!$B$10,H65+$AD$16) -> 0.0022534594 | I73: =MIN('Peaker Keys'!$B$10,I65+$AD$16) -> 0.0022534594 | ... Y73: =MIN('Peaker Keys'!$B$10,Y65+$AD$16) -> 0.0022534594 | Z73: =SUM($B73:$Y73)*INDEX(Clustering!$E$6:$E$11,MATCH($A73,Clustering!$D$6:$D$11,0)) -> 1.3520757 | AA73: =COUNTIF($B73:$Y73,"<"&'Peaker Keys'!$B$10)*INDEX(Clustering!$E$6:$E$11,MATCH($A73,Clustering!$D$6:$D$11,0)) -> 600
A75: Additive water-fill pass 2: MIN(clip, mult pass 6 + lift 2)
A76: =A11 -> Winter | B76: =MIN('Peaker Keys'!$B$10,B60+$AD$18) -> 0.0022534594 | C76: =MIN('Peaker Keys'!$B$10,C60+$AD$18) -> 0.0022534594 | D76: =MIN('Peaker Keys'!$B$10,D60+$AD$18) -> 0.0022534594 | E76: =MIN('Peaker Keys'!$B$10,E60+$AD$18) -> 0.0022534594 | F76: =MIN('Peaker Keys'!$B$10,F60+$AD$18) -> 0.0022534594 | G76: =MIN('Peaker Keys'!$B$10,G60+$AD$18) -> 0.0022534594 | H76: =MIN('Peaker Keys'!$B$10,H60+$AD$18) -> 0.0022534594 | I76: =MIN('Peaker Keys'!$B$10,I60+$AD$18) -> 0.0022534594 | ... Y76: =MIN('Peaker Keys'!$B$10,Y60+$AD$18) -> 0.0022534594 | Z76: =SUM($B76:$Y76)*INDEX(Clustering!$E$6:$E$11,MATCH($A76,Clustering!$D$6:$D$11,0)) -> 5.0297215 | AA76: =COUNTIF($B76:$Y76,"<"&'Peaker Keys'!$B$10)*INDEX(Clustering!$E$6:$E$11,MATCH($A76,Clustering!$D$6:$D$11,0)) -> 2232
A77: =A12 -> Spring | B77: =MIN('Peaker Keys'!$B$10,B61+$AD$18) -> 0.64583263 | C77: =MIN('Peaker Keys'!$B$10,C61+$AD$18) -> 0.64583263 | D77: =MIN('Peaker Keys'!$B$10,D61+$AD$18) -> 0.64583263 | E77: =MIN('Peaker Keys'!$B$10,E61+$AD$18) -> 0.64583263 | F77: =MIN('Peaker Keys'!$B$10,F61+$AD$18) -> 0.64583263 | G77: =MIN('Peaker Keys'!$B$10,G61+$AD$18) -> 0.64583263 | H77: =MIN('Peaker Keys'!$B$10,H61+$AD$18) -> 0.64583263 | I77: =MIN('Peaker Keys'!$B$10,I61+$AD$18) -> 0.64583263 | ... Y77: =MIN('Peaker Keys'!$B$10,Y61+$AD$18) -> 0.49593065 | Z77: =SUM($B77:$Y77)*INDEX(Clustering!$E$6:$E$11,MATCH($A77,Clustering!$D$6:$D$11,0)) -> 822.70318 | AA77: =COUNTIF($B77:$Y77,"<"&'Peaker Keys'!$B$10)*INDEX(Clustering!$E$6:$E$11,MATCH($A77,Clustering!$D$6:$D$11,0)) -> 960
A78: =A13 -> Summer | B78: =MIN('Peaker Keys'!$B$10,B62+$AD$18) -> 0.23276761 | C78: =MIN('Peaker Keys'!$B$10,C62+$AD$18) -> 0.23276761 | D78: =MIN('Peaker Keys'!$B$10,D62+$AD$18) -> 0.23276761 | E78: =MIN('Peaker Keys'!$B$10,E62+$AD$18) -> 0.23276761 | F78: =MIN('Peaker Keys'!$B$10,F62+$AD$18) -> 0.23276761 | G78: =MIN('Peaker Keys'!$B$10,G62+$AD$18) -> 0.23276761 | H78: =MIN('Peaker Keys'!$B$10,H62+$AD$18) -> 0.23276761 | I78: =MIN('Peaker Keys'!$B$10,I62+$AD$18) -> 0.23276761 | ... Y78: =MIN('Peaker Keys'!$B$10,Y62+$AD$18) -> 0.17880023 | Z78: =SUM($B78:$Y78)*INDEX(Clustering!$E$6:$E$11,MATCH($A78,Clustering!$D$6:$D$11,0)) -> 976.07356 | AA78: =COUNTIF($B78:$Y78,"<"&'Peaker Keys'!$B$10)*INDEX(Clustering!$E$6:$E$11,MATCH($A78,Clustering!$D$6:$D$11,0)) -> 2568
A79: =A14 -> Fall | B79: =MIN('Peaker Keys'!$B$10,B63+$AD$18) -> 0.62619414 | C79: =MIN('Peaker Keys'!$B$10,C63+$AD$18) -> 0.62619414 | D79: =MIN('Peaker Keys'!$B$10,D63+$AD$18) -> 0.62619414 | E79: =MIN('Peaker Keys'!$B$10,E63+$AD$18) -> 0.62619414 | F79: =MIN('Peaker Keys'!$B$10,F63+$AD$18) -> 0.62619414 | G79: =MIN('Peaker Keys'!$B$10,G63+$AD$18) -> 0.62619414 | H79: =MIN('Peaker Keys'!$B$10,H63+$AD$18) -> 0.62619414 | I79: =MIN('Peaker Keys'!$B$10,I63+$AD$18) -> 0.62619414 | ... Y79: =MIN('Peaker Keys'!$B$10,Y63+$AD$18) -> 0.82960592 | Z79: =SUM($B79:$Y79)*INDEX(Clustering!$E$6:$E$11,MATCH($A79,Clustering!$D$6:$D$11,0)) -> 1159.6044 | AA79: =COUNTIF($B79:$Y79,"<"&'Peaker Keys'!$B$10)*INDEX(Clustering!$E$6:$E$11,MATCH($A79,Clustering!$D$6:$D$11,0)) -> 826
A80: =A15 -> Summer Peak | B80: =MIN('Peaker Keys'!$B$10,B64+$AD$18) -> 1 | C80: =MIN('Peaker Keys'!$B$10,C64+$AD$18) -> 1 | D80: =MIN('Peaker Keys'!$B$10,D64+$AD$18) -> 1 | E80: =MIN('Peaker Keys'!$B$10,E64+$AD$18) -> 1 | F80: =MIN('Peaker Keys'!$B$10,F64+$AD$18) -> 1 | G80: =MIN('Peaker Keys'!$B$10,G64+$AD$18) -> 1 | H80: =MIN('Peaker Keys'!$B$10,H64+$AD$18) -> 1 | I80: =MIN('Peaker Keys'!$B$10,I64+$AD$18) -> 1 | ... Y80: =MIN('Peaker Keys'!$B$10,Y64+$AD$18) -> 1 | Z80: =SUM($B80:$Y80)*INDEX(Clustering!$E$6:$E$11,MATCH($A80,Clustering!$D$6:$D$11,0)) -> 792 | AA80: =COUNTIF($B80:$Y80,"<"&'Peaker Keys'!$B$10)*INDEX(Clustering!$E$6:$E$11,MATCH($A80,Clustering!$D$6:$D$11,0)) -> 0
A81: =A16 -> Winter Peak | B81: =MIN('Peaker Keys'!$B$10,B65+$AD$18) -> 0.0022534594 | C81: =MIN('Peaker Keys'!$B$10,C65+$AD$18) -> 0.0022534594 | D81: =MIN('Peaker Keys'!$B$10,D65+$AD$18) -> 0.0022534594 | E81: =MIN('Peaker Keys'!$B$10,E65+$AD$18) -> 0.0022534594 | F81: =MIN('Peaker Keys'!$B$10,F65+$AD$18) -> 0.0022534594 | G81: =MIN('Peaker Keys'!$B$10,G65+$AD$18) -> 0.0022534594 | H81: =MIN('Peaker Keys'!$B$10,H65+$AD$18) -> 0.0022534594 | I81: =MIN('Peaker Keys'!$B$10,I65+$AD$18) -> 0.0022534594 | ... Y81: =MIN('Peaker Keys'!$B$10,Y65+$AD$18) -> 0.0022534594 | Z81: =SUM($B81:$Y81)*INDEX(Clustering!$E$6:$E$11,MATCH($A81,Clustering!$D$6:$D$11,0)) -> 1.3520757 | AA81: =COUNTIF($B81:$Y81,"<"&'Peaker Keys'!$B$10)*INDEX(Clustering!$E$6:$E$11,MATCH($A81,Clustering!$D$6:$D$11,0)) -> 600
A83: Additive water-fill pass 3: MIN(clip, mult pass 6 + lift 3)
A84: =A11 -> Winter | B84: =MIN('Peaker Keys'!$B$10,B60+$AD$20) -> 0.0022534594 | C84: =MIN('Peaker Keys'!$B$10,C60+$AD$20) -> 0.0022534594 | D84: =MIN('Peaker Keys'!$B$10,D60+$AD$20) -> 0.0022534594 | E84: =MIN('Peaker Keys'!$B$10,E60+$AD$20) -> 0.0022534594 | F84: =MIN('Peaker Keys'!$B$10,F60+$AD$20) -> 0.0022534594 | G84: =MIN('Peaker Keys'!$B$10,G60+$AD$20) -> 0.0022534594 | H84: =MIN('Peaker Keys'!$B$10,H60+$AD$20) -> 0.0022534594 | I84: =MIN('Peaker Keys'!$B$10,I60+$AD$20) -> 0.0022534594 | ... Y84: =MIN('Peaker Keys'!$B$10,Y60+$AD$20) -> 0.0022534594 | Z84: =SUM($B84:$Y84)*INDEX(Clustering!$E$6:$E$11,MATCH($A84,Clustering!$D$6:$D$11,0)) -> 5.0297215 | AA84: =COUNTIF($B84:$Y84,"<"&'Peaker Keys'!$B$10)*INDEX(Clustering!$E$6:$E$11,MATCH($A84,Clustering!$D$6:$D$11,0)) -> 2232
A85: =A12 -> Spring | B85: =MIN('Peaker Keys'!$B$10,B61+$AD$20) -> 0.64583263 | C85: =MIN('Peaker Keys'!$B$10,C61+$AD$20) -> 0.64583263 | D85: =MIN('Peaker Keys'!$B$10,D61+$AD$20) -> 0.64583263 | E85: =MIN('Peaker Keys'!$B$10,E61+$AD$20) -> 0.64583263 | F85: =MIN('Peaker Keys'!$B$10,F61+$AD$20) -> 0.64583263 | G85: =MIN('Peaker Keys'!$B$10,G61+$AD$20) -> 0.64583263 | H85: =MIN('Peaker Keys'!$B$10,H61+$AD$20) -> 0.64583263 | I85: =MIN('Peaker Keys'!$B$10,I61+$AD$20) -> 0.64583263 | ... Y85: =MIN('Peaker Keys'!$B$10,Y61+$AD$20) -> 0.49593065 | Z85: =SUM($B85:$Y85)*INDEX(Clustering!$E$6:$E$11,MATCH($A85,Clustering!$D$6:$D$11,0)) -> 822.70318 | AA85: =COUNTIF($B85:$Y85,"<"&'Peaker Keys'!$B$10)*INDEX(Clustering!$E$6:$E$11,MATCH($A85,Clustering!$D$6:$D$11,0)) -> 960
A86: =A13 -> Summer | B86: =MIN('Peaker Keys'!$B$10,B62+$AD$20) -> 0.23276761 | C86: =MIN('Peaker Keys'!$B$10,C62+$AD$20) -> 0.23276761 | D86: =MIN('Peaker Keys'!$B$10,D62+$AD$20) -> 0.23276761 | E86: =MIN('Peaker Keys'!$B$10,E62+$AD$20) -> 0.23276761 | F86: =MIN('Peaker Keys'!$B$10,F62+$AD$20) -> 0.23276761 | G86: =MIN('Peaker Keys'!$B$10,G62+$AD$20) -> 0.23276761 | H86: =MIN('Peaker Keys'!$B$10,H62+$AD$20) -> 0.23276761 | I86: =MIN('Peaker Keys'!$B$10,I62+$AD$20) -> 0.23276761 | ... Y86: =MIN('Peaker Keys'!$B$10,Y62+$AD$20) -> 0.17880023 | Z86: =SUM($B86:$Y86)*INDEX(Clustering!$E$6:$E$11,MATCH($A86,Clustering!$D$6:$D$11,0)) -> 976.07356 | AA86: =COUNTIF($B86:$Y86,"<"&'Peaker Keys'!$B$10)*INDEX(Clustering!$E$6:$E$11,MATCH($A86,Clustering!$D$6:$D$11,0)) -> 2568
A87: =A14 -> Fall | B87: =MIN('Peaker Keys'!$B$10,B63+$AD$20) -> 0.62619414 | C87: =MIN('Peaker Keys'!$B$10,C63+$AD$20) -> 0.62619414 | D87: =MIN('Peaker Keys'!$B$10,D63+$AD$20) -> 0.62619414 | E87: =MIN('Peaker Keys'!$B$10,E63+$AD$20) -> 0.62619414 | F87: =MIN('Peaker Keys'!$B$10,F63+$AD$20) -> 0.62619414 | G87: =MIN('Peaker Keys'!$B$10,G63+$AD$20) -> 0.62619414 | H87: =MIN('Peaker Keys'!$B$10,H63+$AD$20) -> 0.62619414 | I87: =MIN('Peaker Keys'!$B$10,I63+$AD$20) -> 0.62619414 | ... Y87: =MIN('Peaker Keys'!$B$10,Y63+$AD$20) -> 0.82960592 | Z87: =SUM($B87:$Y87)*INDEX(Clustering!$E$6:$E$11,MATCH($A87,Clustering!$D$6:$D$11,0)) -> 1159.6044 | AA87: =COUNTIF($B87:$Y87,"<"&'Peaker Keys'!$B$10)*INDEX(Clustering!$E$6:$E$11,MATCH($A87,Clustering!$D$6:$D$11,0)) -> 826
A88: =A15 -> Summer Peak | B88: =MIN('Peaker Keys'!$B$10,B64+$AD$20) -> 1 | C88: =MIN('Peaker Keys'!$B$10,C64+$AD$20) -> 1 | D88: =MIN('Peaker Keys'!$B$10,D64+$AD$20) -> 1 | E88: =MIN('Peaker Keys'!$B$10,E64+$AD$20) -> 1 | F88: =MIN('Peaker Keys'!$B$10,F64+$AD$20) -> 1 | G88: =MIN('Peaker Keys'!$B$10,G64+$AD$20) -> 1 | H88: =MIN('Peaker Keys'!$B$10,H64+$AD$20) -> 1 | I88: =MIN('Peaker Keys'!$B$10,I64+$AD$20) -> 1 | ... Y88: =MIN('Peaker Keys'!$B$10,Y64+$AD$20) -> 1 | Z88: =SUM($B88:$Y88)*INDEX(Clustering!$E$6:$E$11,MATCH($A88,Clustering!$D$6:$D$11,0)) -> 792 | AA88: =COUNTIF($B88:$Y88,"<"&'Peaker Keys'!$B$10)*INDEX(Clustering!$E$6:$E$11,MATCH($A88,Clustering!$D$6:$D$11,0)) -> 0
A89: =A16 -> Winter Peak | B89: =MIN('Peaker Keys'!$B$10,B65+$AD$20) -> 0.0022534594 | C89: =MIN('Peaker Keys'!$B$10,C65+$AD$20) -> 0.0022534594 | D89: =MIN('Peaker Keys'!$B$10,D65+$AD$20) -> 0.0022534594 | E89: =MIN('Peaker Keys'!$B$10,E65+$AD$20) -> 0.0022534594 | F89: =MIN('Peaker Keys'!$B$10,F65+$AD$20) -> 0.0022534594 | G89: =MIN('Peaker Keys'!$B$10,G65+$AD$20) -> 0.0022534594 | H89: =MIN('Peaker Keys'!$B$10,H65+$AD$20) -> 0.0022534594 | I89: =MIN('Peaker Keys'!$B$10,I65+$AD$20) -> 0.0022534594 | ... Y89: =MIN('Peaker Keys'!$B$10,Y65+$AD$20) -> 0.0022534594 | Z89: =SUM($B89:$Y89)*INDEX(Clustering!$E$6:$E$11,MATCH($A89,Clustering!$D$6:$D$11,0)) -> 1.3520757 | AA89: =COUNTIF($B89:$Y89,"<"&'Peaker Keys'!$B$10)*INDEX(Clustering!$E$6:$E$11,MATCH($A89,Clustering!$D$6:$D$11,0)) -> 600

Sheet SYSHECF-lignite
A1: lignite | B1: Hour0 | C1: Hour1 | D1: Hour2 | E1: Hour3 | F1: Hour4 | G1: Hour5 | H1: Hour6 | I1: Hour7 | J1: Hour8 | K1: Hour9 | L1: Hour10 | M1: Hour11 | N1: Hour12 | O1: Hour13 | P1: Hour14 | Q1: Hour15 | R1: Hour16 | S1: Hour17 | T1: Hour18 | U1: Hour19 | V1: Hour20 | W1: Hour21 | X1: Hour22 | Y1: Hour23
A2: Winter | B2: 0.6175 | C2: 0.6175 | D2: 0.6175 | E2: 0.6175 | F2: 0.6175 | G2: 0.6175 | H2: 0.6175 | I2: 0.6175 | J2: 0.6175 | K2: 0.6175 | L2: 0.6175 | M2: 0.6175 | N2: 0.6175 | O2: 0.6175 | P2: 0.6175 | Q2: 0.6175 | R2: 0.6175 | S2: 0.6175 | T2: 0.6175 | U2: 0.6175 | V2: 0.6175 | W2: 0.6175 | X2: 0.6175 | Y2: 0.6175
A3: Spring | B3: 0.6175 | C3: 0.6175 | D3: 0.6175 | E3: 0.6175 | F3: 0.6175 | G3: 0.6175 | H3: 0.6175 | I3: 0.6175 | J3: 0.6175 | K3: 0.6175 | L3: 0.6175 | M3: 0.6175 | N3: 0.6175 | O3: 0.6175 | P3: 0.6175 | Q3: 0.6175 | R3: 0.6175 | S3: 0.6175 | T3: 0.6175 | U3: 0.6175 | V3: 0.6175 | W3: 0.6175 | X3: 0.6175 | Y3: 0.6175
A4: Summer | B4: 0.6175 | C4: 0.6175 | D4: 0.6175 | E4: 0.6175 | F4: 0.6175 | G4: 0.6175 | H4: 0.6175 | I4: 0.6175 | J4: 0.6175 | K4: 0.6175 | L4: 0.6175 | M4: 0.6175 | N4: 0.6175 | O4: 0.6175 | P4: 0.6175 | Q4: 0.6175 | R4: 0.6175 | S4: 0.6175 | T4: 0.6175 | U4: 0.6175 | V4: 0.6175 | W4: 0.6175 | X4: 0.6175 | Y4: 0.6175
A5: Fall | B5: 0.6175 | C5: 0.6175 | D5: 0.6175 | E5: 0.6175 | F5: 0.6175 | G5: 0.6175 | H5: 0.6175 | I5: 0.6175 | J5: 0.6175 | K5: 0.6175 | L5: 0.6175 | M5: 0.6175 | N5: 0.6175 | O5: 0.6175 | P5: 0.6175 | Q5: 0.6175 | R5: 0.6175 | S5: 0.6175 | T5: 0.6175 | U5: 0.6175 | V5: 0.6175 | W5: 0.6175 | X5: 0.6175 | Y5: 0.6175
A6: Summer Peak | B6: 0.6175 | C6: 0.6175 | D6: 0.6175 | E6: 0.6175 | F6: 0.6175 | G6: 0.6175 | H6: 0.6175 | I6: 0.6175 | J6: 0.6175 | K6: 0.6175 | L6: 0.6175 | M6: 0.6175 | N6: 0.6175 | O6: 0.6175 | P6: 0.6175 | Q6: 0.6175 | R6: 0.6175 | S6: 0.6175 | T6: 0.6175 | U6: 0.6175 | V6: 0.6175 | W6: 0.6175 | X6: 0.6175 | Y6: 0.6175
A7: Winter Peak | B7: 0.6175 | C7: 0.6175 | D7: 0.6175 | E7: 0.6175 | F7: 0.6175 | G7: 0.6175 | H7: 0.6175 | I7: 0.6175 | J7: 0.6175 | K7: 0.6175 | L7: 0.6175 | M7: 0.6175 | N7: 0.6175 | O7: 0.6175 | P7: 0.6175 | Q7: 0.6175 | R7: 0.6175 | S7: 0.6175 | T7: 0.6175 | U7: 0.6175 | V7: 0.6175 | W7: 0.6175 | X7: 0.6175 | Y7: 0.6175

Sheet SYSHECF-offshore-wind
A1: offshore wind | B1: Hour0 | C1: Hour1 | D1: Hour2 | E1: Hour3 | F1: Hour4 | G1: Hour5 | H1: Hour6 | I1: Hour7 | J1: Hour8 | K1: Hour9 | L1: Hour10 | M1: Hour11 | N1: Hour12 | O1: Hour13 | P1: Hour14 | Q1: Hour15 | R1: Hour16 | S1: Hour17 | T1: Hour18 | U1: Hour19 | V1: Hour20 | W1: Hour21 | X1: Hour22 | Y1: Hour23
A2: Winter | B2: 0.4754386 | C2: 0.47397661 | D2: 0.47368421 | E2: 0.47293233 | F2: 0.47397661 | G2: 0.47723475 | H2: 0.48563074 | I2: 0.49135338 | J2: 0.4927736 | K2: 0.47736007 | L2: 0.45676692 | M2: 0.43855472 | N2: 0.42690058 | O2: 0.42527151 | P2: 0.42740184 | Q2: 0.43575606 | R2: 0.45618212 | S2: 0.47923977 | T2: 0.48842941 | U2: 0.49536341 | V2: 0.49419382 | W2: 0.49197995 | X2: 0.48734336 | Y2: 0.47510443
A3: Spring | B3: 0.4447205 | C3: 0.43504141 | D3: 0.43017598 | E3: 0.42313665 | F3: 0.41190476 | G3: 0.39668737 | H3: 0.38664596 | I3: 0.37127329 | J3: 0.34560041 | K3: 0.32681159 | L3: 0.31325052 | M3: 0.30346791 | N3: 0.30781573 | O3: 0.31904762 | P3: 0.32489648 | Q3: 0.3360766 | R3: 0.35786749 | S3: 0.38535197 | T3: 0.40885093 | U3: 0.43555901 | V3: 0.45429607 | W3: 0.45486542 | X3: 0.45931677 | Y3: 0.45564182
A4: Summer | B4: 0.29885057 | C4: 0.30043788 | D4: 0.30492611 | E4: 0.29994527 | F4: 0.29107827 | G4: 0.27914614 | H4: 0.26102901 | I4: 0.2394636 | J4: 0.21915709 | K4: 0.19846743 | L4: 0.18877942 | M4: 0.18784893 | N4: 0.17761357 | O4: 0.17422003 | P4: 0.17991242 | Q4: 0.19200876 | R4: 0.21324576 | S4: 0.2304324 | T4: 0.24515599 | U4: 0.26978654 | V4: 0.26710454 | W4: 0.2668856 | X4: 0.27230432 | Y4: 0.28106185
A5: Fall | B5: 0.39945355 | C5: 0.40031226 | D5: 0.39867291 | E5: 0.39313037 | F5: 0.39476971 | G5: 0.39570648 | H5: 0.40202966 | I5: 0.40655738 | J5: 0.40312256 | K5: 0.39164715 | L5: 0.37298985 | M5: 0.36042155 | N5: 0.35175644 | O5: 0.34652615 | P5: 0.34980484 | Q5: 0.36120219 | R5: 0.37400468 | S5: 0.39328649 | T5: 0.40897736 | U5: 0.43052303 | V5: 0.45651835 | W5: 0.45589383 | X5: 0.44863388 | Y5: 0.43021077
A6: Summer Peak | B6: 0.11333333 | C6: 0.13142857 | D6: 0.14095238 | E6: 0.1352381 | F6: 0.1352381 | G6: 0.14285714 | H6: 0.14 | I6: 0.12857143 | J6: 0.12 | K6: 0.12761905 | L6: 0.1647619 | M6: 0.1752381 | N6: 0.21142857 | O6: 0.23047619 | P6: 0.23333333 | Q6: 0.25428571 | R6: 0.26285714 | S6: 0.20571429 | T6: 0.18571429 | U6: 0.18666667 | V6: 0.18666667 | W6: 0.17904762 | X6: 0.18190476 | Y6: 0.18285714
A7: Winter Peak | B7: 0.26587302 | C7: 0.21904762 | D7: 0.19206349 | E7: 0.17857143 | F7: 0.16904762 | G7: 0.16666667 | H7: 0.16269841 | I7: 0.16587302 | J7: 0.16428571 | K7: 0.1468254 | L7: 0.13174603 | M7: 0.12460317 | N7: 0.12222222 | O7: 0.12777778 | P7: 0.14047619 | Q7: 0.1515873 | R7: 0.16269841 | S7: 0.17936508 | T7: 0.1968254 | U7: 0.20555556 | V7: 0.21428571 | W7: 0.22063492 | X7: 0.22222222 | Y7: 0.21746032

Sheet SYSHECF-crude-oil
A1: crude oil | B1: Hour0 | C1: Hour1 | D1: Hour2 | E1: Hour3 | F1: Hour4 | G1: Hour5 | H1: Hour6 | I1: Hour7 | J1: Hour8 | K1: Hour9 | L1: Hour10 | M1: Hour11 | N1: Hour12 | O1: Hour13 | P1: Hour14 | Q1: Hour15 | R1: Hour16 | S1: Hour17 | T1: Hour18 | U1: Hour19 | V1: Hour20 | W1: Hour21 | X1: Hour22 | Y1: Hour23
A2: Winter | B2: 0.001 | C2: 0.001 | D2: 0.001 | E2: 0.001 | F2: 0.001 | G2: 0.001 | H2: 0.001 | I2: 0.001 | J2: 0.001 | K2: 0.001 | L2: 0.001 | M2: 0.001 | N2: 0.001 | O2: 0.001 | P2: 0.001 | Q2: 0.001 | R2: 0.001 | S2: 0.001 | T2: 0.001 | U2: 0.001 | V2: 0.001 | W2: 0.001 | X2: 0.001 | Y2: 0.001
A3: Spring | B3: 0.001 | C3: 0.001 | D3: 0.001 | E3: 0.001 | F3: 0.001 | G3: 0.001 | H3: 0.001 | I3: 0.001 | J3: 0.001 | K3: 0.001 | L3: 0.001 | M3: 0.001 | N3: 0.001 | O3: 0.001 | P3: 0.001 | Q3: 0.001 | R3: 0.001 | S3: 0.001 | T3: 0.001 | U3: 0.001 | V3: 0.001 | W3: 0.001 | X3: 0.001 | Y3: 0.001
A4: Summer | B4: 0.001 | C4: 0.001 | D4: 0.001 | E4: 0.001 | F4: 0.001 | G4: 0.001 | H4: 0.001 | I4: 0.001 | J4: 0.001 | K4: 0.001 | L4: 0.001 | M4: 0.001 | N4: 0.001 | O4: 0.001 | P4: 0.001 | Q4: 0.001 | R4: 0.001 | S4: 0.001 | T4: 0.001 | U4: 0.001 | V4: 0.001 | W4: 0.001 | X4: 0.001 | Y4: 0.001
A5: Fall | B5: 0.001 | C5: 0.001 | D5: 0.001 | E5: 0.001 | F5: 0.001 | G5: 0.001 | H5: 0.001 | I5: 0.001 | J5: 0.001 | K5: 0.001 | L5: 0.001 | M5: 0.001 | N5: 0.001 | O5: 0.001 | P5: 0.001 | Q5: 0.001 | R5: 0.001 | S5: 0.001 | T5: 0.001 | U5: 0.001 | V5: 0.001 | W5: 0.001 | X5: 0.001 | Y5: 0.001
A6: Summer Peak | B6: 0.001 | C6: 0.001 | D6: 0.001 | E6: 0.001 | F6: 0.001 | G6: 0.001 | H6: 0.001 | I6: 0.001 | J6: 0.001 | K6: 0.001 | L6: 0.001 | M6: 0.001 | N6: 0.001 | O6: 0.001 | P6: 0.001 | Q6: 0.001 | R6: 0.001 | S6: 0.001 | T6: 0.001 | U6: 0.001 | V6: 0.001 | W6: 0.001 | X6: 0.001 | Y6: 0.001
A7: Winter Peak | B7: 0.001 | C7: 0.001 | D7: 0.001 | E7: 0.001 | F7: 0.001 | G7: 0.001 | H7: 0.001 | I7: 0.001 | J7: 0.001 | K7: 0.001 | L7: 0.001 | M7: 0.001 | N7: 0.001 | O7: 0.001 | P7: 0.001 | Q7: 0.001 | R7: 0.001 | S7: 0.001 | T7: 0.001 | U7: 0.001 | V7: 0.001 | W7: 0.001 | X7: 0.001 | Y7: 0.001

Sheet SYSHECF-heavy-or-residual-oil
A1: heavy or residual fuel oil | B1: Hour0 | C1: Hour1 | D1: Hour2 | E1: Hour3 | F1: Hour4 | G1: Hour5 | H1: Hour6 | I1: Hour7 | J1: Hour8 | K1: Hour9 | L1: Hour10 | M1: Hour11 | N1: Hour12 | O1: Hour13 | P1: Hour14 | Q1: Hour15 | R1: Hour16 | S1: Hour17 | T1: Hour18 | U1: Hour19 | V1: Hour20 | W1: Hour21 | X1: Hour22 | Y1: Hour23
A2: Winter | B2: 0 | C2: 0 | D2: 0 | E2: 0 | F2: 0 | G2: 0 | H2: 0 | I2: 0 | J2: 0 | K2: 0 | L2: 0 | M2: 0 | N2: 0 | O2: 0 | P2: 0 | Q2: 0 | R2: 0 | S2: 0 | T2: 0 | U2: 0 | V2: 0 | W2: 0 | X2: 0 | Y2: 0
A3: Spring | B3: 0.018134036 | C3: 0.018134036 | D3: 0.018134036 | E3: 0.018134036 | F3: 0.018134036 | G3: 0.018134036 | H3: 0.018134036 | I3: 0.018134036 | J3: 0.018134036 | K3: 0.018134036 | L3: 0.018134036 | M3: 0.018134036 | N3: 0.018134036 | O3: 0.018134036 | P3: 0.018134036 | Q3: 0.018134036 | R3: 0.054402108 | S3: 0.071826398 | T3: 0.071826398 | U3: 0.036268072 | V3: 0.018134036 | W3: 0.018134036 | X3: 0.018134036 | Y3: 0.018134036
A4: Summer | B4: 0 | C4: 0 | D4: 0 | E4: 0 | F4: 0 | G4: 0 | H4: 0 | I4: 0 | J4: 0 | K4: 0 | L4: 0.1143068 | M4: 0.21018791 | N4: 0.32787212 | O4: 0.44529364 | P4: 0.49163931 | Q4: 0.59787783 | R4: 0.62470953 | S4: 0.63750619 | T4: 0.59600149 | U4: 0.40326357 | V4: 0.17183546 | W4: 0 | X4: 0 | Y4: 0
A5: Fall | B5: 0 | C5: 0 | D5: 0 | E5: 0 | F5: 0 | G5: 0 | H5: 0 | I5: 0 | J5: 0 | K5: 0 | L5: 0 | M5: 0 | N5: 0 | O5: 0 | P5: 0 | Q5: 0 | R5: 0.027349694 | S5: 0.027349694 | T5: 0 | U5: 0 | V5: 0 | W5: 0 | X5: 0 | Y5: 0
A6: Summer Peak | B6: 0 | C6: 0 | D6: 0 | E6: 0 | F6: 0 | G6: 0 | H6: 0 | I6: 0 | J6: 0 | K6: 0 | L6: 0 | M6: 0 | N6: 0 | O6: 0 | P6: 0 | Q6: 0 | R6: 0 | S6: 0 | T6: 0 | U6: 0 | V6: 0 | W6: 0 | X6: 0 | Y6: 0
A7: Winter Peak | B7: 0 | C7: 0 | D7: 0 | E7: 0 | F7: 0 | G7: 0 | H7: 0 | I7: 0 | J7: 0 | K7: 0 | L7: 0 | M7: 0 | N7: 0 | O7: 0 | P7: 0 | Q7: 0 | R7: 0 | S7: 0 | T7: 0 | U7: 0 | V7: 0 | W7: 0 | X7: 0 | Y7: 0

Sheet SYSHECF-MSW
A1: MSW | B1: Hour0 | C1: Hour1 | D1: Hour2 | E1: Hour3 | F1: Hour4 | G1: Hour5 | H1: Hour6 | I1: Hour7 | J1: Hour8 | K1: Hour9 | L1: Hour10 | M1: Hour11 | N1: Hour12 | O1: Hour13 | P1: Hour14 | Q1: Hour15 | R1: Hour16 | S1: Hour17 | T1: Hour18 | U1: Hour19 | V1: Hour20 | W1: Hour21 | X1: Hour22 | Y1: Hour23
A2: Winter | B2: 0.730367 | C2: 0.72983349 | D2: 0.72953712 | E2: 0.729505 | F2: 0.72962318 | G2: 0.72976637 | H2: 0.73147008 | I2: 0.7337864 | J2: 0.73349517 | K2: 0.73224345 | L2: 0.73088975 | M2: 0.73062444 | N2: 0.73096976 | O2: 0.73094703 | P2: 0.73109537 | Q2: 0.73184267 | R2: 0.73743247 | S2: 0.7393677 | T2: 0.74040169 | U2: 0.74074413 | V2: 0.740562 | W2: 0.73997409 | X2: 0.73900648 | Y2: 0.73226754
A3: Spring | B3: 0.72605276 | C3: 0.72514931 | D3: 0.7239538 | E3: 0.7230388 | F3: 0.72263992 | G3: 0.72276701 | H3: 0.72378145 | I3: 0.72547357 | J3: 0.72519742 | K3: 0.71629854 | L3: 0.71287168 | M3: 0.71253928 | N3: 0.71283494 | O3: 0.71367361 | P3: 0.71450585 | Q3: 0.71581386 | R3: 0.72303842 | S3: 0.72699428 | T3: 0.73349646 | U3: 0.74019562 | V3: 0.74037896 | W3: 0.73995148 | X3: 0.73778282 | Y3: 0.72851613
A4: Summer | B4: 0.73483043 | C4: 0.73347909 | D4: 0.73289666 | E4: 0.7323705 | F4: 0.7323717 | G4: 0.7323727 | H4: 0.73275846 | I4: 0.73374527 | J4: 0.73351855 | K4: 0.73305428 | L4: 0.73519155 | M4: 0.73629674 | N4: 0.73712332 | O4: 0.73760982 | P4: 0.73813678 | Q4: 0.73932989 | R4: 0.73996901 | S4: 0.74075013 | T4: 0.74154347 | U4: 0.74172673 | V4: 0.74177079 | W4: 0.74148959 | X4: 0.74040523 | Y4: 0.73656372
A5: Fall | B5: 0.72780681 | C5: 0.72711495 | D5: 0.72617771 | E5: 0.72608087 | F5: 0.72616229 | G5: 0.72661734 | H5: 0.72809161 | I5: 0.72929165 | J5: 0.72919053 | K5: 0.7302206 | L5: 0.73039342 | M5: 0.73168887 | N5: 0.73223219 | O5: 0.73234131 | P5: 0.73287977 | Q5: 0.73650617 | R5: 0.73965182 | S5: 0.74062362 | T5: 0.74117779 | U5: 0.74110438 | V5: 0.74098297 | W5: 0.73911079 | X5: 0.73586402 | Y5: 0.72939677
A6: Summer Peak | B6: 0.73873343 | C6: 0.73873343 | D6: 0.73873343 | E6: 0.73873343 | F6: 0.73873343 | G6: 0.73873343 | H6: 0.73873343 | I6: 0.74005773 | J6: 0.74005773 | K6: 0.74056306 | L6: 0.74186994 | M6: 0.74186994 | N6: 0.74186994 | O6: 0.74186994 | P6: 0.74186994 | Q6: 0.74186994 | R6: 0.74186994 | S6: 0.74186994 | T6: 0.74186994 | U6: 0.74186994 | V6: 0.74186994 | W6: 0.74186994 | X6: 0.74186994 | Y6: 0.74138204
A7: Winter Peak | B7: 0.74005773 | C7: 0.74005773 | D7: 0.74005773 | E7: 0.74005773 | F7: 0.74005773 | G7: 0.74005773 | H7: 0.74005773 | I7: 0.74005773 | J7: 0.74005773 | K7: 0.74005773 | L7: 0.74005773 | M7: 0.74005773 | N7: 0.74005773 | O7: 0.74005773 | P7: 0.74005773 | Q7: 0.74005773 | R7: 0.74056306 | S7: 0.74186994 | T7: 0.74186994 | U7: 0.74186994 | V7: 0.74186994 | W7: 0.74186994 | X7: 0.74186994 | Y7: 0.73043913

Sheet SYSHECF-hard-coal-CCS
A1: hard coal ccs | B1: Hour0 | C1: Hour1 | D1: Hour2 | E1: Hour3 | F1: Hour4 | G1: Hour5 | H1: Hour6 | I1: Hour7 | J1: Hour8 | K1: Hour9 | L1: Hour10 | M1: Hour11 | N1: Hour12 | O1: Hour13 | P1: Hour14 | Q1: Hour15 | R1: Hour16 | S1: Hour17 | T1: Hour18 | U1: Hour19 | V1: Hour20 | W1: Hour21 | X1: Hour22 | Y1: Hour23
A2: Winter | B2: 0.8 | C2: 0.8 | D2: 0.8 | E2: 0.8 | F2: 0.8 | G2: 0.8 | H2: 0.8 | I2: 0.8 | J2: 0.8 | K2: 0.8 | L2: 0.8 | M2: 0.8 | N2: 0.8 | O2: 0.8 | P2: 0.8 | Q2: 0.8 | R2: 0.8 | S2: 0.8 | T2: 0.8 | U2: 0.8 | V2: 0.8 | W2: 0.8 | X2: 0.8 | Y2: 0.8
A3: Spring | B3: 0.8 | C3: 0.8 | D3: 0.8 | E3: 0.8 | F3: 0.8 | G3: 0.8 | H3: 0.8 | I3: 0.8 | J3: 0.8 | K3: 0.8 | L3: 0.8 | M3: 0.8 | N3: 0.8 | O3: 0.8 | P3: 0.8 | Q3: 0.8 | R3: 0.8 | S3: 0.8 | T3: 0.8 | U3: 0.8 | V3: 0.8 | W3: 0.8 | X3: 0.8 | Y3: 0.8
A4: Summer | B4: 0.8 | C4: 0.8 | D4: 0.8 | E4: 0.8 | F4: 0.8 | G4: 0.8 | H4: 0.8 | I4: 0.8 | J4: 0.8 | K4: 0.8 | L4: 0.8 | M4: 0.8 | N4: 0.8 | O4: 0.8 | P4: 0.8 | Q4: 0.8 | R4: 0.8 | S4: 0.8 | T4: 0.8 | U4: 0.8 | V4: 0.8 | W4: 0.8 | X4: 0.8 | Y4: 0.8
A5: Fall | B5: 0.8 | C5: 0.8 | D5: 0.8 | E5: 0.8 | F5: 0.8 | G5: 0.8 | H5: 0.8 | I5: 0.8 | J5: 0.8 | K5: 0.8 | L5: 0.8 | M5: 0.8 | N5: 0.8 | O5: 0.8 | P5: 0.8 | Q5: 0.8 | R5: 0.8 | S5: 0.8 | T5: 0.8 | U5: 0.8 | V5: 0.8 | W5: 0.8 | X5: 0.8 | Y5: 0.8
A6: Summer Peak | B6: 0.8 | C6: 0.8 | D6: 0.8 | E6: 0.8 | F6: 0.8 | G6: 0.8 | H6: 0.8 | I6: 0.8 | J6: 0.8 | K6: 0.8 | L6: 0.8 | M6: 0.8 | N6: 0.8 | O6: 0.8 | P6: 0.8 | Q6: 0.8 | R6: 0.8 | S6: 0.8 | T6: 0.8 | U6: 0.8 | V6: 0.8 | W6: 0.8 | X6: 0.8 | Y6: 0.8
A7: Winter Peak | B7: 0.8 | C7: 0.8 | D7: 0.8 | E7: 0.8 | F7: 0.8 | G7: 0.8 | H7: 0.8 | I7: 0.8 | J7: 0.8 | K7: 0.8 | L7: 0.8 | M7: 0.8 | N7: 0.8 | O7: 0.8 | P7: 0.8 | Q7: 0.8 | R7: 0.8 | S7: 0.8 | T7: 0.8 | U7: 0.8 | V7: 0.8 | W7: 0.8 | X7: 0.8 | Y7: 0.8

Sheet SYSHECF-combined-cycle-CCS
A1: natural gas combined cycle ccs | B1: Hour0 | C1: Hour1 | D1: Hour2 | E1: Hour3 | F1: Hour4 | G1: Hour5 | H1: Hour6 | I1: Hour7 | J1: Hour8 | K1: Hour9 | L1: Hour10 | M1: Hour11 | N1: Hour12 | O1: Hour13 | P1: Hour14 | Q1: Hour15 | R1: Hour16 | S1: Hour17 | T1: Hour18 | U1: Hour19 | V1: Hour20 | W1: Hour21 | X1: Hour22 | Y1: Hour23
A2: Winter | B2: 0.8 | C2: 0.8 | D2: 0.8 | E2: 0.8 | F2: 0.8 | G2: 0.8 | H2: 0.8 | I2: 0.8 | J2: 0.8 | K2: 0.8 | L2: 0.8 | M2: 0.8 | N2: 0.8 | O2: 0.8 | P2: 0.8 | Q2: 0.8 | R2: 0.8 | S2: 0.8 | T2: 0.8 | U2: 0.8 | V2: 0.8 | W2: 0.8 | X2: 0.8 | Y2: 0.8
A3: Spring | B3: 0.8 | C3: 0.8 | D3: 0.8 | E3: 0.8 | F3: 0.8 | G3: 0.8 | H3: 0.8 | I3: 0.8 | J3: 0.8 | K3: 0.8 | L3: 0.8 | M3: 0.8 | N3: 0.8 | O3: 0.8 | P3: 0.8 | Q3: 0.8 | R3: 0.8 | S3: 0.8 | T3: 0.8 | U3: 0.8 | V3: 0.8 | W3: 0.8 | X3: 0.8 | Y3: 0.8
A4: Summer | B4: 0.8 | C4: 0.8 | D4: 0.8 | E4: 0.8 | F4: 0.8 | G4: 0.8 | H4: 0.8 | I4: 0.8 | J4: 0.8 | K4: 0.8 | L4: 0.8 | M4: 0.8 | N4: 0.8 | O4: 0.8 | P4: 0.8 | Q4: 0.8 | R4: 0.8 | S4: 0.8 | T4: 0.8 | U4: 0.8 | V4: 0.8 | W4: 0.8 | X4: 0.8 | Y4: 0.8
A5: Fall | B5: 0.8 | C5: 0.8 | D5: 0.8 | E5: 0.8 | F5: 0.8 | G5: 0.8 | H5: 0.8 | I5: 0.8 | J5: 0.8 | K5: 0.8 | L5: 0.8 | M5: 0.8 | N5: 0.8 | O5: 0.8 | P5: 0.8 | Q5: 0.8 | R5: 0.8 | S5: 0.8 | T5: 0.8 | U5: 0.8 | V5: 0.8 | W5: 0.8 | X5: 0.8 | Y5: 0.8
A6: Summer Peak | B6: 0.8 | C6: 0.8 | D6: 0.8 | E6: 0.8 | F6: 0.8 | G6: 0.8 | H6: 0.8 | I6: 0.8 | J6: 0.8 | K6: 0.8 | L6: 0.8 | M6: 0.8 | N6: 0.8 | O6: 0.8 | P6: 0.8 | Q6: 0.8 | R6: 0.8 | S6: 0.8 | T6: 0.8 | U6: 0.8 | V6: 0.8 | W6: 0.8 | X6: 0.8 | Y6: 0.8
A7: Winter Peak | B7: 0.8 | C7: 0.8 | D7: 0.8 | E7: 0.8 | F7: 0.8 | G7: 0.8 | H7: 0.8 | I7: 0.8 | J7: 0.8 | K7: 0.8 | L7: 0.8 | M7: 0.8 | N7: 0.8 | O7: 0.8 | P7: 0.8 | Q7: 0.8 | R7: 0.8 | S7: 0.8 | T7: 0.8 | U7: 0.8 | V7: 0.8 | W7: 0.8 | X7: 0.8 | Y7: 0.8

Sheet SYSHECF-biomass-CCS
A1: biomass ccs | B1: Hour0 | C1: Hour1 | D1: Hour2 | E1: Hour3 | F1: Hour4 | G1: Hour5 | H1: Hour6 | I1: Hour7 | J1: Hour8 | K1: Hour9 | L1: Hour10 | M1: Hour11 | N1: Hour12 | O1: Hour13 | P1: Hour14 | Q1: Hour15 | R1: Hour16 | S1: Hour17 | T1: Hour18 | U1: Hour19 | V1: Hour20 | W1: Hour21 | X1: Hour22 | Y1: Hour23
A2: Winter | B2: 0.8 | C2: 0.8 | D2: 0.8 | E2: 0.8 | F2: 0.8 | G2: 0.8 | H2: 0.8 | I2: 0.8 | J2: 0.8 | K2: 0.8 | L2: 0.8 | M2: 0.8 | N2: 0.8 | O2: 0.8 | P2: 0.8 | Q2: 0.8 | R2: 0.8 | S2: 0.8 | T2: 0.8 | U2: 0.8 | V2: 0.8 | W2: 0.8 | X2: 0.8 | Y2: 0.8
A3: Spring | B3: 0.8 | C3: 0.8 | D3: 0.8 | E3: 0.8 | F3: 0.8 | G3: 0.8 | H3: 0.8 | I3: 0.8 | J3: 0.8 | K3: 0.8 | L3: 0.8 | M3: 0.8 | N3: 0.8 | O3: 0.8 | P3: 0.8 | Q3: 0.8 | R3: 0.8 | S3: 0.8 | T3: 0.8 | U3: 0.8 | V3: 0.8 | W3: 0.8 | X3: 0.8 | Y3: 0.8
A4: Summer | B4: 0.8 | C4: 0.8 | D4: 0.8 | E4: 0.8 | F4: 0.8 | G4: 0.8 | H4: 0.8 | I4: 0.8 | J4: 0.8 | K4: 0.8 | L4: 0.8 | M4: 0.8 | N4: 0.8 | O4: 0.8 | P4: 0.8 | Q4: 0.8 | R4: 0.8 | S4: 0.8 | T4: 0.8 | U4: 0.8 | V4: 0.8 | W4: 0.8 | X4: 0.8 | Y4: 0.8
A5: Fall | B5: 0.8 | C5: 0.8 | D5: 0.8 | E5: 0.8 | F5: 0.8 | G5: 0.8 | H5: 0.8 | I5: 0.8 | J5: 0.8 | K5: 0.8 | L5: 0.8 | M5: 0.8 | N5: 0.8 | O5: 0.8 | P5: 0.8 | Q5: 0.8 | R5: 0.8 | S5: 0.8 | T5: 0.8 | U5: 0.8 | V5: 0.8 | W5: 0.8 | X5: 0.8 | Y5: 0.8
A6: Summer Peak | B6: 0.8 | C6: 0.8 | D6: 0.8 | E6: 0.8 | F6: 0.8 | G6: 0.8 | H6: 0.8 | I6: 0.8 | J6: 0.8 | K6: 0.8 | L6: 0.8 | M6: 0.8 | N6: 0.8 | O6: 0.8 | P6: 0.8 | Q6: 0.8 | R6: 0.8 | S6: 0.8 | T6: 0.8 | U6: 0.8 | V6: 0.8 | W6: 0.8 | X6: 0.8 | Y6: 0.8
A7: Winter Peak | B7: 0.8 | C7: 0.8 | D7: 0.8 | E7: 0.8 | F7: 0.8 | G7: 0.8 | H7: 0.8 | I7: 0.8 | J7: 0.8 | K7: 0.8 | L7: 0.8 | M7: 0.8 | N7: 0.8 | O7: 0.8 | P7: 0.8 | Q7: 0.8 | R7: 0.8 | S7: 0.8 | T7: 0.8 | U7: 0.8 | V7: 0.8 | W7: 0.8 | X7: 0.8 | Y7: 0.8

Sheet SYSHECF-lignite-CCS
A1: lignite ccs | B1: Hour0 | C1: Hour1 | D1: Hour2 | E1: Hour3 | F1: Hour4 | G1: Hour5 | H1: Hour6 | I1: Hour7 | J1: Hour8 | K1: Hour9 | L1: Hour10 | M1: Hour11 | N1: Hour12 | O1: Hour13 | P1: Hour14 | Q1: Hour15 | R1: Hour16 | S1: Hour17 | T1: Hour18 | U1: Hour19 | V1: Hour20 | W1: Hour21 | X1: Hour22 | Y1: Hour23
A2: Winter | B2: 0.8 | C2: 0.8 | D2: 0.8 | E2: 0.8 | F2: 0.8 | G2: 0.8 | H2: 0.8 | I2: 0.8 | J2: 0.8 | K2: 0.8 | L2: 0.8 | M2: 0.8 | N2: 0.8 | O2: 0.8 | P2: 0.8 | Q2: 0.8 | R2: 0.8 | S2: 0.8 | T2: 0.8 | U2: 0.8 | V2: 0.8 | W2: 0.8 | X2: 0.8 | Y2: 0.8
A3: Spring | B3: 0.8 | C3: 0.8 | D3: 0.8 | E3: 0.8 | F3: 0.8 | G3: 0.8 | H3: 0.8 | I3: 0.8 | J3: 0.8 | K3: 0.8 | L3: 0.8 | M3: 0.8 | N3: 0.8 | O3: 0.8 | P3: 0.8 | Q3: 0.8 | R3: 0.8 | S3: 0.8 | T3: 0.8 | U3: 0.8 | V3: 0.8 | W3: 0.8 | X3: 0.8 | Y3: 0.8
A4: Summer | B4: 0.8 | C4: 0.8 | D4: 0.8 | E4: 0.8 | F4: 0.8 | G4: 0.8 | H4: 0.8 | I4: 0.8 | J4: 0.8 | K4: 0.8 | L4: 0.8 | M4: 0.8 | N4: 0.8 | O4: 0.8 | P4: 0.8 | Q4: 0.8 | R4: 0.8 | S4: 0.8 | T4: 0.8 | U4: 0.8 | V4: 0.8 | W4: 0.8 | X4: 0.8 | Y4: 0.8
A5: Fall | B5: 0.8 | C5: 0.8 | D5: 0.8 | E5: 0.8 | F5: 0.8 | G5: 0.8 | H5: 0.8 | I5: 0.8 | J5: 0.8 | K5: 0.8 | L5: 0.8 | M5: 0.8 | N5: 0.8 | O5: 0.8 | P5: 0.8 | Q5: 0.8 | R5: 0.8 | S5: 0.8 | T5: 0.8 | U5: 0.8 | V5: 0.8 | W5: 0.8 | X5: 0.8 | Y5: 0.8
A6: Summer Peak | B6: 0.8 | C6: 0.8 | D6: 0.8 | E6: 0.8 | F6: 0.8 | G6: 0.8 | H6: 0.8 | I6: 0.8 | J6: 0.8 | K6: 0.8 | L6: 0.8 | M6: 0.8 | N6: 0.8 | O6: 0.8 | P6: 0.8 | Q6: 0.8 | R6: 0.8 | S6: 0.8 | T6: 0.8 | U6: 0.8 | V6: 0.8 | W6: 0.8 | X6: 0.8 | Y6: 0.8
A7: Winter Peak | B7: 0.8 | C7: 0.8 | D7: 0.8 | E7: 0.8 | F7: 0.8 | G7: 0.8 | H7: 0.8 | I7: 0.8 | J7: 0.8 | K7: 0.8 | L7: 0.8 | M7: 0.8 | N7: 0.8 | O7: 0.8 | P7: 0.8 | Q7: 0.8 | R7: 0.8 | S7: 0.8 | T7: 0.8 | U7: 0.8 | V7: 0.8 | W7: 0.8 | X7: 0.8 | Y7: 0.8

Sheet SYSHECF-SMR
A1: SMR | B1: Hour0 | C1: Hour1 | D1: Hour2 | E1: Hour3 | F1: Hour4 | G1: Hour5 | H1: Hour6 | I1: Hour7 | J1: Hour8 | K1: Hour9 | L1: Hour10 | M1: Hour11 | N1: Hour12 | O1: Hour13 | P1: Hour14 | Q1: Hour15 | R1: Hour16 | S1: Hour17 | T1: Hour18 | U1: Hour19 | V1: Hour20 | W1: Hour21 | X1: Hour22 | Y1: Hour23
A2: Winter | B2: 0.9 | C2: 0.9 | D2: 0.9 | E2: 0.9 | F2: 0.9 | G2: 0.9 | H2: 0.9 | I2: 0.9 | J2: 0.9 | K2: 0.9 | L2: 0.9 | M2: 0.9 | N2: 0.9 | O2: 0.9 | P2: 0.9 | Q2: 0.9 | R2: 0.9 | S2: 0.9 | T2: 0.9 | U2: 0.9 | V2: 0.9 | W2: 0.9 | X2: 0.9 | Y2: 0.9
A3: Spring | B3: 0.9 | C3: 0.9 | D3: 0.9 | E3: 0.9 | F3: 0.9 | G3: 0.9 | H3: 0.9 | I3: 0.9 | J3: 0.9 | K3: 0.9 | L3: 0.9 | M3: 0.9 | N3: 0.9 | O3: 0.9 | P3: 0.9 | Q3: 0.9 | R3: 0.9 | S3: 0.9 | T3: 0.9 | U3: 0.9 | V3: 0.9 | W3: 0.9 | X3: 0.9 | Y3: 0.9
A4: Summer | B4: 0.9 | C4: 0.9 | D4: 0.9 | E4: 0.9 | F4: 0.9 | G4: 0.9 | H4: 0.9 | I4: 0.9 | J4: 0.9 | K4: 0.9 | L4: 0.9 | M4: 0.9 | N4: 0.9 | O4: 0.9 | P4: 0.9 | Q4: 0.9 | R4: 0.9 | S4: 0.9 | T4: 0.9 | U4: 0.9 | V4: 0.9 | W4: 0.9 | X4: 0.9 | Y4: 0.9
A5: Fall | B5: 0.9 | C5: 0.9 | D5: 0.9 | E5: 0.9 | F5: 0.9 | G5: 0.9 | H5: 0.9 | I5: 0.9 | J5: 0.9 | K5: 0.9 | L5: 0.9 | M5: 0.9 | N5: 0.9 | O5: 0.9 | P5: 0.9 | Q5: 0.9 | R5: 0.9 | S5: 0.9 | T5: 0.9 | U5: 0.9 | V5: 0.9 | W5: 0.9 | X5: 0.9 | Y5: 0.9
A6: Summer Peak | B6: 0.9 | C6: 0.9 | D6: 0.9 | E6: 0.9 | F6: 0.9 | G6: 0.9 | H6: 0.9 | I6: 0.9 | J6: 0.9 | K6: 0.9 | L6: 0.9 | M6: 0.9 | N6: 0.9 | O6: 0.9 | P6: 0.9 | Q6: 0.9 | R6: 0.9 | S6: 0.9 | T6: 0.9 | U6: 0.9 | V6: 0.9 | W6: 0.9 | X6: 0.9 | Y6: 0.9
A7: Winter Peak | B7: 0.9 | C7: 0.9 | D7: 0.9 | E7: 0.9 | F7: 0.9 | G7: 0.9 | H7: 0.9 | I7: 0.9 | J7: 0.9 | K7: 0.9 | L7: 0.9 | M7: 0.9 | N7: 0.9 | O7: 0.9 | P7: 0.9 | Q7: 0.9 | R7: 0.9 | S7: 0.9 | T7: 0.9 | U7: 0.9 | V7: 0.9 | W7: 0.9 | X7: 0.9 | Y7: 0.9

Sheet SYSHECF-hydrogen-CT
A1: hydrogen CT | B1: Hour0 | C1: Hour1 | D1: Hour2 | E1: Hour3 | F1: Hour4 | G1: Hour5 | H1: Hour6 | I1: Hour7 | J1: Hour8 | K1: Hour9 | L1: Hour10 | M1: Hour11 | N1: Hour12 | O1: Hour13 | P1: Hour14 | Q1: Hour15 | R1: Hour16 | S1: Hour17 | T1: Hour18 | U1: Hour19 | V1: Hour20 | W1: Hour21 | X1: Hour22 | Y1: Hour23
A2: Winter | B2: ='SYSHECF-natural-gas-peaker'!B2 -> 0.0022534594 | C2: ='SYSHECF-natural-gas-peaker'!C2 -> 0.0022534594 | D2: ='SYSHECF-natural-gas-peaker'!D2 -> 0.0022534594 | E2: ='SYSHECF-natural-gas-peaker'!E2 -> 0.0022534594 | F2: ='SYSHECF-natural-gas-peaker'!F2 -> 0.0022534594 | G2: ='SYSHECF-natural-gas-peaker'!G2 -> 0.0022534594 | H2: ='SYSHECF-natural-gas-peaker'!H2 -> 0.0022534594 | I2: ='SYSHECF-natural-gas-peaker'!I2 -> 0.0022534594 | ... Y2: ='SYSHECF-natural-gas-peaker'!Y2 -> 0.0022534594
A3: Spring | B3: ='SYSHECF-natural-gas-peaker'!B3 -> 0.64583263 | C3: ='SYSHECF-natural-gas-peaker'!C3 -> 0.64583263 | D3: ='SYSHECF-natural-gas-peaker'!D3 -> 0.64583263 | E3: ='SYSHECF-natural-gas-peaker'!E3 -> 0.64583263 | F3: ='SYSHECF-natural-gas-peaker'!F3 -> 0.64583263 | G3: ='SYSHECF-natural-gas-peaker'!G3 -> 0.64583263 | H3: ='SYSHECF-natural-gas-peaker'!H3 -> 0.64583263 | I3: ='SYSHECF-natural-gas-peaker'!I3 -> 0.64583263 | ... Y3: ='SYSHECF-natural-gas-peaker'!Y3 -> 0.49593065
A4: Summer | B4: ='SYSHECF-natural-gas-peaker'!B4 -> 0.23276761 | C4: ='SYSHECF-natural-gas-peaker'!C4 -> 0.23276761 | D4: ='SYSHECF-natural-gas-peaker'!D4 -> 0.23276761 | E4: ='SYSHECF-natural-gas-peaker'!E4 -> 0.23276761 | F4: ='SYSHECF-natural-gas-peaker'!F4 -> 0.23276761 | G4: ='SYSHECF-natural-gas-peaker'!G4 -> 0.23276761 | H4: ='SYSHECF-natural-gas-peaker'!H4 -> 0.23276761 | I4: ='SYSHECF-natural-gas-peaker'!I4 -> 0.23276761 | ... Y4: ='SYSHECF-natural-gas-peaker'!Y4 -> 0.17880023
A5: Fall | B5: ='SYSHECF-natural-gas-peaker'!B5 -> 0.62619414 | C5: ='SYSHECF-natural-gas-peaker'!C5 -> 0.62619414 | D5: ='SYSHECF-natural-gas-peaker'!D5 -> 0.62619414 | E5: ='SYSHECF-natural-gas-peaker'!E5 -> 0.62619414 | F5: ='SYSHECF-natural-gas-peaker'!F5 -> 0.62619414 | G5: ='SYSHECF-natural-gas-peaker'!G5 -> 0.62619414 | H5: ='SYSHECF-natural-gas-peaker'!H5 -> 0.62619414 | I5: ='SYSHECF-natural-gas-peaker'!I5 -> 0.62619414 | ... Y5: ='SYSHECF-natural-gas-peaker'!Y5 -> 0.82960592
A6: Summer Peak | B6: ='SYSHECF-natural-gas-peaker'!B6 -> 1 | C6: ='SYSHECF-natural-gas-peaker'!C6 -> 1 | D6: ='SYSHECF-natural-gas-peaker'!D6 -> 1 | E6: ='SYSHECF-natural-gas-peaker'!E6 -> 1 | F6: ='SYSHECF-natural-gas-peaker'!F6 -> 1 | G6: ='SYSHECF-natural-gas-peaker'!G6 -> 1 | H6: ='SYSHECF-natural-gas-peaker'!H6 -> 1 | I6: ='SYSHECF-natural-gas-peaker'!I6 -> 1 | ... Y6: ='SYSHECF-natural-gas-peaker'!Y6 -> 1
A7: Winter Peak | B7: ='SYSHECF-natural-gas-peaker'!B7 -> 0.0022534594 | C7: ='SYSHECF-natural-gas-peaker'!C7 -> 0.0022534594 | D7: ='SYSHECF-natural-gas-peaker'!D7 -> 0.0022534594 | E7: ='SYSHECF-natural-gas-peaker'!E7 -> 0.0022534594 | F7: ='SYSHECF-natural-gas-peaker'!F7 -> 0.0022534594 | G7: ='SYSHECF-natural-gas-peaker'!G7 -> 0.0022534594 | H7: ='SYSHECF-natural-gas-peaker'!H7 -> 0.0022534594 | I7: ='SYSHECF-natural-gas-peaker'!I7 -> 0.0022534594 | ... Y7: ='SYSHECF-natural-gas-peaker'!Y7 -> 0.0022534594
A9: Mirrors natural gas peaker cell-by-cell (decision 2026-08-26, matching the eps-us hydrogen-CT convention). Derivation: SYSHECF-natural-gas-peaker tab; level basis: Peaker Targets tab.

Sheet SYSHECF-hydrogen-CC
A1: hydrogen combined cycle | B1: Hour0 | C1: Hour1 | D1: Hour2 | E1: Hour3 | F1: Hour4 | G1: Hour5 | H1: Hour6 | I1: Hour7 | J1: Hour8 | K1: Hour9 | L1: Hour10 | M1: Hour11 | N1: Hour12 | O1: Hour13 | P1: Hour14 | Q1: Hour15 | R1: Hour16 | S1: Hour17 | T1: Hour18 | U1: Hour19 | V1: Hour20 | W1: Hour21 | X1: Hour22 | Y1: Hour23
A2: Winter | B2: 0.45864677 | C2: 0.44818605 | D2: 0.4448679 | E2: 0.44449998 | F2: 0.4520604 | G2: 0.47424101 | H2: 0.50064369 | I2: 0.50338705 | J2: 0.48016375 | K2: 0.46113537 | L2: 0.44699927 | M2: 0.44111316 | N2: 0.43755356 | O2: 0.43144721 | P2: 0.43030588 | Q2: 0.44170075 | R2: 0.47908487 | S2: 0.52600902 | T2: 0.55871098 | U2: 0.5664557 | V2: 0.55935338 | W2: 0.54347978 | X2: 0.51696535 | Y2: 0.48448356
A3: Spring | B3: 0.40180073 | C3: 0.38171117 | D3: 0.37481291 | E3: 0.37478921 | F3: 0.38450107 | G3: 0.40516479 | H3: 0.40454449 | I3: 0.39208113 | J3: 0.38092188 | K3: 0.37798267 | L3: 0.3868118 | M3: 0.39800384 | N3: 0.40853533 | O3: 0.41679038 | P3: 0.42485433 | Q3: 0.43686998 | R3: 0.45933071 | S3: 0.49339423 | T3: 0.51597334 | U3: 0.53674349 | V3: 0.54157044 | W3: 0.5279631 | X3: 0.49060397 | Y3: 0.44369834
A4: Summer | B4: 0.55841129 | C4: 0.52308927 | D4: 0.5037557 | E4: 0.49784996 | F4: 0.50016035 | G4: 0.50458105 | H4: 0.49332889 | I4: 0.49706451 | J4: 0.49928984 | K4: 0.5190039 | L4: 0.55742704 | M4: 0.59572601 | N4: 0.62453733 | O4: 0.64292499 | P4: 0.65473986 | Q4: 0.66468946 | R4: 0.6733308 | S4: 0.68359407 | T4: 0.69573665 | U4: 0.70548136 | V4: 0.70957514 | W4: 0.70317867 | X4: 0.65825566 | Y4: 0.60216266
A5: Fall | B5: 0.46462375 | C5: 0.44807876 | D5: 0.44106522 | E5: 0.43891585 | F5: 0.44465256 | G5: 0.46672855 | H5: 0.47696657 | I5: 0.45886303 | J5: 0.44734495 | K5: 0.4381787 | L5: 0.45132193 | M5: 0.47107622 | N5: 0.48801504 | O5: 0.50028694 | P5: 0.50940837 | Q5: 0.5269747 | R5: 0.5590072 | S5: 0.58725638 | T5: 0.61844436 | U5: 0.62642264 | V5: 0.61673031 | W5: 0.58704233 | X5: 0.54153713 | Y5: 0.49716281
A6: Summer Peak | B6: 0.62236671 | C6: 0.57958316 | D6: 0.5557244 | E6: 0.54334532 | F6: 0.54321012 | G6: 0.54639897 | H6: 0.52267327 | I6: 0.54909222 | J6: 0.57030291 | K6: 0.60985985 | L6: 0.65307121 | M6: 0.69385088 | N6: 0.70884803 | O6: 0.71531289 | P6: 0.72020487 | Q6: 0.72398743 | R6: 0.72916814 | S6: 0.73322391 | T6: 0.74232979 | U6: 0.74633084 | V6: 0.7550442 | W6: 0.7673541 | X6: 0.74477948 | Y6: 0.69407996
A7: Winter Peak | B7: 0.54817729 | C7: 0.53931108 | D7: 0.53635345 | E7: 0.53385822 | F7: 0.54070501 | G7: 0.56735834 | H7: 0.59977727 | I7: 0.59501342 | J7: 0.56369897 | K7: 0.52583529 | L7: 0.51108558 | M7: 0.49801042 | N7: 0.48767757 | O7: 0.4640246 | P7: 0.46103554 | Q7: 0.48512481 | R7: 0.54116248 | S7: 0.58529194 | T7: 0.6170921 | U7: 0.62213621 | V7: 0.61767417 | W7: 0.61898867 | X7: 0.60235051 | Y7: 0.56976285

Sheet SYSHECF-solar-pv-dist
A1: solar pv dist | B1: Hour0 | C1: Hour1 | D1: Hour2 | E1: Hour3 | F1: Hour4 | G1: Hour5 | H1: Hour6 | I1: Hour7 | J1: Hour8 | K1: Hour9 | L1: Hour10 | M1: Hour11 | N1: Hour12 | O1: Hour13 | P1: Hour14 | Q1: Hour15 | R1: Hour16 | S1: Hour17 | T1: Hour18 | U1: Hour19 | V1: Hour20 | W1: Hour21 | X1: Hour22 | Y1: Hour23
A2: Winter | B2: 0 | C2: 0 | D2: 0 | E2: 2.6162258e-05 | F2: 0.00048400178 | G2: 0.0024854145 | H2: 0.11132041 | I2: 0.20036366 | J2: 0.25657327 | K2: 0.27211365 | L2: 0.27245376 | M2: 0.27517463 | N2: 0.28549564 | O2: 0.42511054 | P2: 0.3846506 | Q2: 0.26962823 | R2: 0.15098239 | S2: 0.065667268 | T2: 0.0098370091 | U2: 0.00014389242 | V2: 0 | W2: 0 | X2: 0 | Y2: 0
A3: Spring | B3: 0 | C3: 0 | D3: 0 | E3: 0.00012672344 | F3: 0.0022556772 | G3: 0.0093775345 | H3: 0.24401865 | I3: 0.35533252 | J3: 0.41441099 | K3: 0.42596817 | L3: 0.41276358 | M3: 0.41065998 | N3: 0.42285077 | O3: 0.60365977 | P3: 0.58548763 | Q3: 0.49741484 | R3: 0.32641423 | S3: 0.1877281 | T3: 0.038473236 | U3: 0.0011658556 | V3: 0 | W3: 0 | X3: 0 | Y3: 0
A4: Summer | B4: 0 | C4: 0 | D4: 0 | E4: 7.9587057e-05 | F4: 0.0014553062 | G4: 0.0051276804 | H4: 0.13687837 | I4: 0.22564068 | J4: 0.29825818 | K4: 0.32277099 | L4: 0.32552243 | M4: 0.32828524 | N4: 0.34140573 | O4: 0.51646315 | P4: 0.47170112 | Q4: 0.32079269 | R4: 0.18308434 | S4: 0.12339405 | T4: 0.022966551 | U4: 0.00042067444 | V4: 0 | W4: 0 | X4: 0 | Y4: 0
A5: Fall | B5: 0 | C5: 0 | D5: 0 | E5: 6.1858221e-05 | F5: 0.0013402615 | G5: 0.0061445833 | H5: 0.17363603 | I5: 0.26246443 | J5: 0.32549796 | K5: 0.34593179 | L5: 0.34698338 | M5: 0.3429626 | N5: 0.34702462 | O5: 0.52354736 | P5: 0.48769021 | Q5: 0.3893975 | R5: 0.24297909 | S5: 0.15429502 | T5: 0.024392758 | U5: 0.00086601509 | V5: 0 | W5: 0 | X5: 0 | Y5: 0
A6: Summer Peak | B6: 0 | C6: 0 | D6: 0 | E6: 0.00022119 | F6: 0.004534395 | G6: 0.01850623 | H6: 0.34844798 | I6: 0.42402123 | J6: 0.43519133 | K6: 0.43467522 | L6: 0.44086854 | M6: 0.42914547 | N6: 0.43157856 | O6: 0.56978545 | P6: 0.55035759 | Q6: 0.52621102 | R6: 0.43600236 | S6: 0.27527096 | T6: 0.068347711 | U6: 0.001732655 | V6: 0 | W6: 0 | X6: 0 | Y6: 0
A7: Winter Peak | B7: 0 | C7: 0 | D7: 0 | E7: 0 | F7: 0 | G7: 0 | H7: 0.0039416058 | I7: 0.04107056 | J7: 0.1179562 | K7: 0.16287105 | L7: 0.16861314 | M7: 0.17581509 | N7: 0.18934307 | O7: 0.38097324 | P7: 0.29026764 | Q7: 0.1183455 | R7: 0.012311436 | S7: 0 | T7: 0 | U7: 0 | V7: 0 | W7: 0 | X7: 0 | Y7: 0

Sheet Clustering
A1: Day-to-timeslice assignment for this state
A2: Staged 2026-08-26 from the deployed SHELF workbook Daily Summary tab (canonical SHELF workbook Daily Summary (counts verified)); counts verified against the deployed SHELF-days-per-timeslice.csv at staging time.
A3: Days-per-timeslice at right is DERIVED here by COUNTIF; the staged deployed CSV values sit beside it as an identity check.
A5: day_of_year | B5: slice_assignment | D5: slice | E5: days per timeslice (COUNTIF of column B) | F5: deployed SHELF-days-per-timeslice.csv (staged) | G5: CHECK: derived = deployed? 1 = problem
A6: 1 | B6: Winter Peak | D6: Winter | E6: =COUNTIF($B$6:$B$370,D6) -> 93 | F6: 93 | G6: =IF(E6<>F6,1,0) -> 0
A7: 2 | B7: Winter | D7: Spring | E7: =COUNTIF($B$6:$B$370,D7) -> 48 | F7: 48 | G7: =IF(E7<>F7,1,0) -> 0
A8: 3 | B8: Summer | D8: Summer | E8: =COUNTIF($B$6:$B$370,D8) -> 107 | F8: 107 | G8: =IF(E8<>F8,1,0) -> 0
A9: 4 | B9: Winter | D9: Fall | E9: =COUNTIF($B$6:$B$370,D9) -> 59 | F9: 59 | G9: =IF(E9<>F9,1,0) -> 0
A10: 5 | B10: Winter | D10: Summer Peak | E10: =COUNTIF($B$6:$B$370,D10) -> 33 | F10: 33 | G10: =IF(E10<>F10,1,0) -> 0
A11: 6 | B11: Winter | D11: Winter Peak | E11: =COUNTIF($B$6:$B$370,D11) -> 25 | F11: 25 | G11: =IF(E11<>F11,1,0) -> 0
A12: 7 | B12: Winter
A13: 8 | B13: Summer
A14: 9 | B14: Summer
A15: 10 | B15: Winter
A16: 11 | B16: Spring
A17: 12 | B17: Winter
A18: 13 | B18: Winter Peak
A19: 14 | B19: Summer
A20: 15 | B20: Spring
A21: 16 | B21: Winter
A22: 17 | B22: Winter Peak
A23: 18 | B23: Winter Peak
... A370: 365 | B370: Winter Peak

Sheet Peaker Keys
A1: Peaker Keys — constants, code mappings and staged fallback aggregates
A2: Every constant used by the peaker-family formulas lives here (house rule: no keyword strings or hardcoded numbers inside formulas).
A4: Constants
A5: hours_per_year | B5: 8760 | C5: hours integrated over (365 x 24)
A6: hours_per_day | B6: 24 | C6: hours per day (calendar formulas)
A7: calendar_shift_hours | B7: 24 | C7: Cambium weather year starts Sunday 2012; the pipeline calendar is Monday-2018, so raw rows shift forward one day
A8: raf | B8: 1 | C8: state RAF-generation.csv value for these sources; kept at 1.0 by decision (Olivia 2026-08-26) — eps-us uses 0.8 and divides its target by it
A9: min_fleet_mw | B9: 20 | C9: BHRaSYC fleet below this falls back to the 48-state aggregate target
A10: cf_clip | B10: 1 | C10: physical ceiling on any hourly CF
A11: tol | B11: 0.005 | C11: convergence check bound on the day-weighted annual CF
A12: state | B12: ND | C12: this workbook's state
A13: peaker_tech_label | B13: natural gas peaker | C13: 923 tech criterion
A14: petroleum_tech_label | B14: petroleum | C14: 923 tech criterion (informational block)
A15: sector_max | B15: 3 | C15: EIA-923 sectors 1-3 = electric power sector
A17: 48-state aggregates (staged) | C17: Staged 2026-08-26 by the staging script from the SAME two 923 sources and the 48 BHRaSYC capacity CSVs as the state blocks below; used only when this state's fleet is under min_fleet_mw.
A18: us_peaker_gen2024_mwh | B18: 1.2699797e+08
A19: us_peaker_gen2025_mwh | B19: 1.2498122e+08
A20: us_peaker_cap_mw | B20: 131180.47
A21: us_petroleum_gen2024_mwh | B21: 6634510.2
A22: us_petroleum_gen2025_mwh | B22: 10737002
A23: us_petroleum_cap_mw | B23: 24502.87
A25: Cambium 2022 MidCase annual, this state, t=2024 (verbatim row) | D25: Source: C:\Users\OliviaAshmoore\Documents\Github Repos\state-eps-code\state-data-pipeline\elec-files\Inputs\Cambium22_MidCase_annual_state.csv (sha256 e423f13b88075229), staged 2026-08-26. Supplies the gas-ct_MW denominator for the Cambium CF column; the denominator only affects the [0,1] clip — the level is set by the calibration target, not by Cambium.
A26: state | B26: t | C26: busbar_load_for_enduse | D26: battery_charging | E26: phs_charging | F26: trans_losses | G26: busbar_load | H26: enduse_load | I26: net_load_busbar | J26: imports | K26: exports | L26: distloss_rate_avg | M26: distloss_rate_marg | N26: prm | O26: capacity_shadow_price | P26: planning_capacity_MW | Q26: cef_gen | R26: cef_load | S26: aer_gen_co2_c | T26: aer_gen_ch4_c | U26: aer_gen_n2o_c | V26: aer_gen_co2_p | W26: aer_gen_ch4_p | X26: aer_gen_n2o_p | Y26: aer_gen_co2e_c | Z26: aer_gen_co2e_p | AA26: aer_gen_co2e | AB26: aer_load_co2_c | AC26: aer_load_ch4_c | AD26: aer_load_n2o_c | AE26: aer_load_co2_p | AF26: aer_load_ch4_p | AG26: aer_load_n2o_p | AH26: aer_load_co2e_c | AI26: aer_load_co2e_p | AJ26: aer_load_co2e | AK26: lrmer_co2_c | AL26: lrmer_ch4_c | AM26: lrmer_n2o_c | AN26: lrmer_co2_p | AO26: lrmer_ch4_p | AP26: lrmer_n2o_p | AQ26: lrmer_co2e_c | AR26: lrmer_co2e_p | AS26: lrmer_co2e | AT26: srmer_co2_c | AU26: srmer_ch4_c | AV26: srmer_n2o_c | AW26: srmer_co2_p | AX26: srmer_ch4_p | AY26: srmer_n2o_p | AZ26: srmer_co2e_c | BA26: srmer_co2e_p | BB26: srmer_co2e | BC26: total_gen_co2_c | BD26: total_gen_ch4_c | BE26: total_gen_n2o_c | BF26: total_gen_co2_p | BG26: total_gen_ch4_p | BH26: total_gen_n2o_p | BI26: total_gen_co2e_c | BJ26: total_gen_co2e_p | BK26: total_gen_co2e | BL26: co2_captured_ccs | BM26: energy_cost_busbar | BN26: capacity_cost_busbar | BO26: portfolio_cost_busbar | BP26: total_cost_busbar | BQ26: energy_cost_enduse | BR26: capacity_cost_enduse | BS26: portfolio_cost_enduse | BT26: total_cost_enduse | BU26: generation | BV26: variable_generation | BW26: battery_MWh | BX26: biomass_MWh | BY26: beccs_MWh | BZ26: canada_MWh | CA26: coal_MWh | CB26: coal-ccs_MWh | CC26: csp_MWh | CD26: distpv_MWh | CE26: gas-cc_MWh | CF26: gas-cc-ccs_MWh | CG26: gas-ct_MWh | CH26: geothermal_MWh | CI26: hydro_MWh | CJ26: nuclear_MWh | CK26: o-g-s_MWh | CL26: phs_MWh | CM26: re-ct_MWh | CN26: upv_MWh | CO26: wind-ons_MWh | CP26: wind-ofs_MWh | CQ26: battery_MW | CR26: biomass_MW | CS26: beccs_MW | CT26: coal_MW | CU26: coal-ccs_MW | CV26: csp_MW | CW26: distpv_MW | CX26: gas-cc_MW | CY26: gas-cc-ccs_MW | CZ26: gas-ct_MW | DA26: geothermal_MW | DB26: hydro_MW | DC26: nuclear_MW | DD26: o-g-s_MW | DE26: phs_MW | DF26: re-ct_MW | DG26: upv_MW | DH26: wind-ofs_MW | DI26: wind-ons_MW | DJ26: battery_energy_cap_MWh | DK26: phs_energy_cap_MWh | DL26: csp_energy_cap_MWh | DM26: rps_shadow_price | DN26: rps_f | DO26: ces_shadow_price | DP26: ces_f | DQ26: co2_shadow_price
A27: ND | B27: 2024 | C27: 15875034 | D27: 0 | E27: 0 | F27: 439514.4 | G27: 16314549 | H27: 15304092 | I27: -160082.6 | J27: 11702844 | K27: 28949594 | L27: 0.036 | M27: 0.054 | N27: 0.1764 | O27: 6782.98 | P27: 2991.8 | Q27: 0.77 | R27: 0.75 | S27: 272.6 | T27: 31.1 | U27: 4.52 | V27: 8.7 | W27: 601.8 | X27: 0.14 | Y27: 274.7 | Z27: 26.6 | AA27: 301.3 | AB27: 298.2 | AC27: 34 | AD27: 4.95 | AE27: 9.5 | AF27: 659.3 | AG27: 0.15 | AH27: 300.6 | AI27: 29.2 | AJ27: 329.8 | AK27: 248.9 | AL27: 20.9 | AM27: 2.98 | AN27: 15 | AO27: 776.3 | AP27: 0.13 | AQ27: 250.4 | AR27: 38.1 | AS27: 288.5 | AT27: 767.7 | AU27: 68.8 | AV27: 9.95 | AW27: 43.2 | AX27: 2186.6 | AY27: 0.45 | AZ27: 772.4 | BA27: 108.5 | BB27: 880.9 | BC27: 9062583 | BD27: 1034.4 | BE27: 150.4 | BF27: 288046.9 | BG27: 20014.7 | BH27: 4.5 | BI27: 9134472.9 | BJ27: 885718.7 | BK27: 10020192 | BL27: 0 | BM27: 24.94 | BN27: 1.25 | BO27: 0 | BP27: 26.19 | BQ27: 26.43 | BR27: 1.34 | BS27: 0 | BT27: 27.78 | BU27: 33649604 | BV27: 16474630 | BW27: 0 | BX27: 0 | BY27: 0 | BZ27: 7320642.5 | CA27: 7731497 | CB27: 0 | CC27: 0 | CD27: 111489.3 | CE27: 0 | CF27: 0 | CG27: 142531.5 | CH27: 0 | CI27: 1965180.2 | CJ27: 0 | CK27: 15122.8 | CL27: 0 | CM27: 0 | CN27: 0 | CO27: 16363142 | CP27: 0 | CQ27: 0 | CR27: 0 | CS27: 0 | CT27: 2679 | CU27: 0 | CV27: 0 | CW27: 82.2 | CX27: 0 | CY27: 0 | CZ27: 425.2 | DA27: 0 | DB27: 510 | DC27: 0 | DD27: 148.8 | DE27: 0 | DF27: 0 | DG27: 0 | DH27: 0 | DI27: 4727.9 | DJ27: 0 | DK27: 0 | DL27: 0 | DM27: 0 | DN27: 0 | DO27: 0 | DP27: 0 | DQ27: 0
A29: cambium_state_gasct_cap_mw | B29: =IFERROR(INDEX('Peaker Keys'!$A$27:$DQ$27,1,MATCH("gas-ct_MW",'Peaker Keys'!$A$26:$DQ$26,0)),0) -> 425.2
A30: cambium_natl_gasct_cap_mw | B30: 119376.6 | C30: sum of all state gas-ct_MW at t=2024 in the same annual file (staged; clip denominator only)
A31: use_state_shape | B31: =IF(AND('Peaker Keys'!$B$29>0,SUM('Cambium Peaker Source'!$B$7:$B$8766)>0),1,0) -> 1 | C31: 1 = state Cambium gas-ct series carries the shape; 0 = national usa-2024 series (state has no Cambium gas-ct fleet — NH RI VT WY)
A33: EIA-923 fuel/prime-mover -> EPS tech (2025 ER mapping; BHRaSYC convention)
A34: key (fuel, or fuel&PM for split fuels) | B34: EPS tech
A35: AB | B35: biomass
A36: ANT | B36: hard coal
A37: BFG | B37: other
A38: BIT | B38: hard coal
A39: BLQ | B39: biomass
A40: CUR | B40: hydro
A41: DFO | B41: petroleum
A42: GEO | B42: geothermal
A43: JF | B43: petroleum
A44: KER | B44: petroleum
A45: LFG | B45: biomass
... A93: WV | B93: hydro
A95: split fuels (mapped by fuel&PM)
A96: NG
A97: SUN
A98: WAT
A99: WND

Sheet 923 2024 Source
A1: EIA-923 2024 Final — ND rows, verbatim
A2: Staged 2026-08-26 from the BHRaSYC reference workbook's embedded national Form 923 tab (C:\Users\OliviaAshmoore\Documents\Github Repos\state-eps-data-repository\ND\elec\BHRaSYC\BAU Heat Rates and Start Year Capacities.xlsx, sha256 31204eea37b4d3e0), filtered to Plant State = ND (ALL techs, ALL Include? values — 81 rows). No values altered.
A3: The Include? column is the operative BHRaSYC sector filter (TRUE = Electric Utility + NAICS-22 IPP; C&I CHP excluded).
A5: Vintage | B5: Model Energy Source | C5: Include? | D5: unique id | E5: Plant Id | F5: Combined Heat And Power Plant | G5: Nuclear Unit Id | H5: Plant Name | I5: Operator Name | J5: Operator Id | K5: Plant State | L5: Census Region | M5: NERC Region | N5: Reserved | O5: NAICS Code | P5: EIA Sector Number | Q5: Sector Name | R5: Reported Prime Mover | S5: Reported Fuel Type Code | T5: MER Fuel Type Code | U5: Balancing Authority Code | V5: Respondent Frequency | W5: Physical Unit Label | X5: Quantity January | Y5: Quantity February | Z5: Quantity March | AA5: Quantity April | AB5: Quantity May | AC5: Quantity June | AD5: Quantity July | AE5: Quantity August | AF5: Quantity September | AG5: Quantity October | AH5: Quantity November | AI5: Quantity December | AJ5: Elec_Quantity January | AK5: Elec_Quantity February | AL5: Elec_Quantity March | AM5: Elec_Quantity April | AN5: Elec_Quantity May | AO5: Elec_Quantity June | AP5: Elec_Quantity July | AQ5: Elec_Quantity August | AR5: Elec_Quantity September | AS5: Elec_Quantity October | AT5: Elec_Quantity November | AU5: Elec_Quantity December | AV5: MMBtuPer_Unit January | AW5: MMBtuPer_Unit February | AX5: MMBtuPer_Unit March | AY5: MMBtuPer_Unit April | AZ5: MMBtuPer_Unit May | BA5: MMBtuPer_Unit June | BB5: MMBtuPer_Unit July | BC5: MMBtuPer_Unit August | BD5: MMBtuPer_Unit September | BE5: MMBtuPer_Unit October | BF5: MMBtuPer_Unit November | BG5: MMBtuPer_Unit December | BH5: Tot_MMBtu January | BI5: Tot_MMBtu February | BJ5: Tot_MMBtu March | BK5: Tot_MMBtu April | BL5: Tot_MMBtu May | BM5: Tot_MMBtu June | BN5: Tot_MMBtu July | BO5: Tot_MMBtu August | BP5: Tot_MMBtu September | BQ5: Tot_MMBtu October | BR5: Tot_MMBtu November | BS5: Tot_MMBtu December | BT5: Elec_MMBtu January | BU5: Elec_MMBtu February | BV5: Elec_MMBtu March | BW5: Elec_MMBtu April | BX5: Elec_MMBtu May | BY5: Elec_MMBtu June | BZ5: Elec_MMBtu July | CA5: Elec_MMBtu August | CB5: Elec_MMBtu September | CC5: Elec_MMBtu October | CD5: Elec_MMBtu November | CE5: Elec_MMBtu December | CF5: Netgen January | CG5: Netgen February | CH5: Netgen March | CI5: Netgen April | CJ5: Netgen May | CK5: Netgen June | CL5: Netgen July | CM5: Netgen August | CN5: Netgen September | CO5: Netgen October | CP5: Netgen November | CQ5: Netgen December | CR5: Total Fuel Consumption Quantity | CS5: Electric Fuel Consumption Quantity | CT5: Total Fuel Consumption MMBtu | CU5: Elec Fuel Consumption MMBtu | CV5: Net Generation (Megawatthours) | CW5: YEAR
A6: Vintage2024 | B6: lignite | C6: TRUE | D6: 12199.2790.ND.GT | E6: 2790 | F6: N | G6: . | H6: R M Heskett | I6: Montana-Dakota Utilities Co | J6: 12199 | K6: ND | L6: WNC | M6: MRO | O6: 22 | P6: 1 | Q6: Electric Utility | R6: GT | S6: LIG | T6: COL | U6: MISO | V6: M | W6: short tons | X6: . | Y6: 0 | Z6: . | AA6: . | AB6: . | AC6: . | AD6: . | AE6: . | AF6: . | AG6: . | AH6: . | AI6: . | AJ6: . | AK6: 0 | AL6: . | AM6: . | AN6: . | AO6: . | AP6: . | AQ6: . | AR6: . | AS6: . | AT6: . | AU6: . | AV6: . | AW6: 0 | AX6: . | AY6: . | AZ6: . | BA6: . | BB6: . | BC6: . | BD6: . | BE6: . | BF6: . | BG6: . | BH6: . | BI6: 0 | BJ6: . | BK6: . | BL6: . | BM6: . | BN6: . | BO6: . | BP6: . | BQ6: . | BR6: . | BS6: . | BT6: . | BU6: 0 | BV6: . | BW6: . | BX6: . | BY6: . | BZ6: . | CA6: . | CB6: . | CC6: . | CD6: . | CE6: . | CF6: . | CG6: 0 | CH6: . | CI6: . | CJ6: . | CK6: . | CL6: . | CM6: . | CN6: . | CO6: . | CP6: . | CQ6: . | CR6: 0 | CS6: 0 | CT6: 0 | CU6: 0 | CV6: 0 | CW6: 2024
A7: Vintage2024 | B7: natural gas peaker | C7: TRUE | D7: 12199.2790.ND.GT | E7: 2790 | F7: N | G7: . | H7: R M Heskett | I7: Montana-Dakota Utilities Co | J7: 12199 | K7: ND | L7: WNC | M7: MRO | O7: 22 | P7: 1 | Q7: Electric Utility | R7: GT | S7: NG | T7: NG | U7: MISO | V7: M | W7: mcf | X7: 66141 | Y7: 0 | Z7: 1179 | AA7: 9240 | AB7: 19133 | AC7: 913 | AD7: 127247 | AE7: 67716 | AF7: 15101 | AG7: 51610 | AH7: 6570 | AI7: 35924 | AJ7: 66141 | AK7: 0 | AL7: 1179 | AM7: 9240 | AN7: 19133 | AO7: 913 | AP7: 127247 | AQ7: 67716 | AR7: 15101 | AS7: 51610 | AT7: 6570 | AU7: 35924 | AV7: 1.1 | AW7: 0 | AX7: 1.11 | AY7: 1.1 | AZ7: 1.11 | BA7: 1.1 | BB7: 1.1 | BC7: 1.11 | BD7: 1.11 | BE7: 1.09 | BF7: 1.1 | BG7: 1.09 | BH7: 72755 | BI7: 0 | BJ7: 1309 | BK7: 10164 | BL7: 21238 | BM7: 1004 | BN7: 139972 | BO7: 75165 | BP7: 16762 | BQ7: 56255 | BR7: 7227 | BS7: 39157 | BT7: 72755 | BU7: 0 | BV7: 1309 | BW7: 10164 | BX7: 21238 | BY7: 1004 | BZ7: 139972 | CA7: 75165 | CB7: 16762 | CC7: 56255 | CD7: 7227 | CE7: 39157 | CF7: 5402 | CG7: -170 | CH7: -130 | CI7: 665 | CJ7: 1511 | CK7: -47 | CL7: 10744 | CM7: 5426 | CN7: 1106 | CO7: 3545 | CP7: 375 | CQ7: 2454 | CR7: 400774 | CS7: 400774 | CT7: 441008 | CU7: 441008 | CV7: 30881 | CW7: 2024
A8: Vintage2024 | B8: hard coal | C8: TRUE | D8: 12199.2790.ND.GT | E8: 2790 | F8: N | G8: . | H8: R M Heskett | I8: Montana-Dakota Utilities Co | J8: 12199 | K8: ND | L8: WNC | M8: MRO | O8: 22 | P8: 1 | Q8: Electric Utility | R8: GT | S8: SUB | T8: COL | U8: MISO | V8: M | W8: short tons | X8: . | Y8: 0 | Z8: . | AA8: . | AB8: . | AC8: . | AD8: . | AE8: . | AF8: . | AG8: . | AH8: . | AI8: . | AJ8: . | AK8: 0 | AL8: . | AM8: . | AN8: . | AO8: . | AP8: . | AQ8: . | AR8: . | AS8: . | AT8: . | AU8: . | AV8: . | AW8: 0 | AX8: . | AY8: . | AZ8: . | BA8: . | BB8: . | BC8: . | BD8: . | BE8: . | BF8: . | BG8: . | BH8: . | BI8: 0 | BJ8: . | BK8: . | BL8: . | BM8: . | BN8: . | BO8: . | BP8: . | BQ8: . | BR8: . | BS8: . | BT8: . | BU8: 0 | BV8: . | BW8: . | BX8: . | BY8: . | BZ8: . | CA8: . | CB8: . | CC8: . | CD8: . | CE8: . | CF8: . | CG8: 0 | CH8: . | CI8: . | CJ8: . | CK8: . | CL8: . | CM8: . | CN8: . | CO8: . | CP8: . | CQ8: . | CR8: 0 | CS8: 0 | CT8: 0 | CU8: 0 | CV8: 0 | CW8: 2024
A9: Vintage1978 | B9: petroleum | C9: TRUE | D9: 14232.2801.ND.GT | E9: 2801 | F9: N | G9: . | H9: Jamestown | I9: Otter Tail Power Co | J9: 14232 | K9: ND | L9: WNC | M9: MRO | O9: 22 | P9: 1 | Q9: Electric Utility | R9: GT | S9: DFO | T9: DFO | U9: MISO | V9: A | W9: barrels | X9: 204 | Y9: 130 | Z9: 103 | AA9: 83 | AB9: 101 | AC9: 70 | AD9: 69 | AE9: 83 | AF9: 62 | AG9: 94 | AH9: 92 | AI9: 86 | AJ9: 204 | AK9: 130 | AL9: 103 | AM9: 83 | AN9: 101 | AO9: 70 | AP9: 69 | AQ9: 83 | AR9: 62 | AS9: 94 | AT9: 92 | AU9: 86 | AV9: 6 | AW9: 6 | AX9: 6 | AY9: 6 | AZ9: 6 | BA9: 6 | BB9: 6 | BC9: 6 | BD9: 6 | BE9: 6 | BF9: 6 | BG9: 6 | BH9: 1224 | BI9: 780 | BJ9: 618 | BK9: 498 | BL9: 606 | BM9: 420 | BN9: 414 | BO9: 498 | BP9: 372 | BQ9: 564 | BR9: 552 | BS9: 516 | BT9: 1224 | BU9: 780 | BV9: 618 | BW9: 498 | BX9: 606 | BY9: 420 | BZ9: 414 | CA9: 498 | CB9: 372 | CC9: 564 | CD9: 552 | CE9: 516 | CF9: 33.477 | CG9: 21.474 | CH9: 17.043 | CI9: 13.692 | CJ9: 16.658 | CK9: 11.484 | CL9: 11.309 | CM9: 13.713 | CN9: 10.283 | CO9: 15.552 | CP9: 15.135 | CQ9: 14.18 | CR9: 1177 | CS9: 1177 | CT9: 7062 | CU9: 7062 | CV9: 194 | CW9: 2024
A10: Vintage1956 | B10: petroleum | C10: TRUE | D10: 7444.2811.ND.IC | E10: 2811 | F10: N | G10: . | H10: Grafton | I10: City of Grafton - (ND) | J10: 7444 | K10: ND | L10: WNC | M10: MRO | O10: 22 | P10: 1 | Q10: Electric Utility | R10: IC | S10: DFO | T10: DFO | U10: MISO | V10: A | W10: barrels | X10: 0 | Y10: 0 | Z10: 0 | AA10: 0 | AB10: 0 | AC10: 0 | AD10: 0 | AE10: 0 | AF10: 0 | AG10: 0 | AH10: 0 | AI10: 0 | AJ10: 0 | AK10: 0 | AL10: 0 | AM10: 0 | AN10: 0 | AO10: 0 | AP10: 0 | AQ10: 0 | AR10: 0 | AS10: 0 | AT10: 0 | AU10: 0 | AV10: 0 | AW10: 0 | AX10: 0 | AY10: 0 | AZ10: 0 | BA10: 0 | BB10: 0 | BC10: 0 | BD10: 0 | BE10: 0 | BF10: 0 | BG10: 0 | BH10: 0 | BI10: 0 | BJ10: 0 | BK10: 0 | BL10: 0 | BM10: 0 | BN10: 0 | BO10: 0 | BP10: 0 | BQ10: 0 | BR10: 0 | BS10: 0 | BT10: 0 | BU10: 0 | BV10: 0 | BW10: 0 | BX10: 0 | BY10: 0 | BZ10: 0 | CA10: 0 | CB10: 0 | CC10: 0 | CD10: 0 | CE10: 0 | CF10: 0 | CG10: 0 | CH10: 0 | CI10: 0 | CJ10: 0 | CK10: 0 | CL10: 0 | CM10: 0 | CN10: 0 | CO10: 0 | CP10: 0 | CQ10: 0 | CR10: 0 | CS10: 0 | CT10: 0 | CU10: 0 | CV10: 0 | CW10: 2024
A11: Vintage1960 | B11: hydro | C11: TRUE | D11: 19635.2815.ND.HY | E11: 2815 | F11: N | G11: . | H11: Garrison | I11: USACE-Omaha | J11: 19635 | K11: ND | L11: WNC | M11: MRO | O11: 22 | P11: 1 | Q11: Electric Utility | R11: HY | S11: WAT | T11: HYC | U11: SWPP | V11: AM | X11: 0 | Y11: 0 | Z11: 0 | AA11: 0 | AB11: 0 | AC11: 0 | AD11: 0 | AE11: 0 | AF11: 0 | AG11: 0 | AH11: 0 | AI11: 0 | AJ11: 0 | AK11: 0 | AL11: 0 | AM11: 0 | AN11: 0 | AO11: 0 | AP11: 0 | AQ11: 0 | AR11: 0 | AS11: 0 | AT11: 0 | AU11: 0 | AV11: 0 | AW11: 0 | AX11: 0 | AY11: 0 | AZ11: 0 | BA11: 0 | BB11: 0 | BC11: 0 | BD11: 0 | BE11: 0 | BF11: 0 | BG11: 0 | BH11: 576898 | BI11: 725125 | BJ11: 502642 | BK11: 487735 | BL11: 624614 | BM11: 682438 | BN11: 727831 | BO11: 724439 | BP11: 574659 | BQ11: 456437 | BR11: 439960 | BS11: 508108 | BT11: 576898 | BU11: 725125 | BV11: 502642 | BW11: 487735 | BX11: 624614 | BY11: 682438 | BZ11: 727831 | CA11: 724439 | CB11: 574659 | CC11: 456437 | CD11: 439960 | CE11: 508108 | CF11: 169079 | CG11: 212522 | CH11: 147316 | CI11: 142947 | CJ11: 183064 | CK11: 200011 | CL11: 213315 | CM11: 212321 | CN11: 168423 | CO11: 133774 | CP11: 128945 | CQ11: 148918 | CR11: 0 | CS11: 0 | CT11: 7030886 | CU11: 7030886 | CV11: 2060635 | CW11: 2024
A12: Vintage1975 | B12: petroleum | C12: TRUE | D12: 1307.2817.ND.ST | E12: 2817 | F12: N | G12: . | H12: Leland Olds | I12: Basin Electric Power Coop | J12: 1307 | K12: ND | L12: WNC | M12: MRO | O12: 22 | P12: 1 | Q12: Electric Utility | R12: ST | S12: DFO | T12: DFO | U12: SWPP | V12: M | W12: barrels | X12: 1271 | Y12: 1427 | Z12: 3111 | AA12: 5911 | AB12: 2205 | AC12: 1685 | AD12: 1867 | AE12: 2342 | AF12: 2162 | AG12: 3367 | AH12: 2507 | AI12: 1946 | AJ12: 1271 | AK12: 1427 | AL12: 3111 | AM12: 5911 | AN12: 2205 | AO12: 1685 | AP12: 1867 | AQ12: 2342 | AR12: 2162 | AS12: 3367 | AT12: 2507 | AU12: 1946 | AV12: 5.71 | AW12: 5.771 | AX12: 5.77 | AY12: 5.771 | AZ12: 5.77 | BA12: 5.771 | BB12: 5.771 | BC12: 5.86 | BD12: 5.771 | BE12: 5.771 | BF12: 5.77 | BG12: 5.77 | BH12: 7257 | BI12: 8235 | BJ12: 17950 | BK12: 34112 | BL12: 12723 | BM12: 9724 | BN12: 10774 | BO12: 13724 | BP12: 12477 | BQ12: 19431 | BR12: 14465 | BS12: 11228 | BT12: 7257 | BU12: 8235 | BV12: 17950 | BW12: 34112 | BX12: 12723 | BY12: 9724 | BZ12: 10774 | CA12: 13724 | CB12: 12477 | CC12: 19431 | CD12: 14465 | CE12: 11228 | CF12: 630.308 | CG12: 717.745 | CH12: 1534.523 | CI12: 2643.865 | CJ12: 1013.929 | CK12: 798.518 | CL12: 886.317 | CM12: 1208.111 | CN12: 945.302 | CO12: 1493.157 | CP12: 1139.797 | CQ12: 945.206 | CR12: 29801 | CS12: 29801 | CT12: 172100 | CU12: 172100 | CV12: 13956.778 | CW12: 2024
A13: Vintage1975 | B13: lignite | C13: TRUE | D13: 1307.2817.ND.ST | E13: 2817 | F13: N | G13: . | H13: Leland Olds | I13: Basin Electric Power Coop | J13: 1307 | K13: ND | L13: WNC | M13: MRO | O13: 22 | P13: 1 | Q13: Electric Utility | R13: ST | S13: LIG | T13: COL | U13: SWPP | V13: M | W13: short tons | X13: 280188 | Y13: 262861 | Z13: 167482 | AA13: 186556 | AB13: 264874 | AC13: 216773 | AD13: 285084 | AE13: 279633 | AF13: 160367 | AG13: 97775 | AH13: 254331 | AI13: 300419 | AJ13: 280188 | AK13: 262861 | AL13: 167482 | AM13: 186556 | AN13: 264874 | AO13: 216773 | AP13: 285084 | AQ13: 279633 | AR13: 160367 | AS13: 97775 | AT13: 254331 | AU13: 300419 | AV13: 13.046 | AW13: 13.046 | AX13: 13.046 | AY13: 13.538 | AZ13: 14.034 | BA13: 13.616 | BB13: 13.614 | BC13: 12.532 | BD13: 13.652 | BE13: 13.748 | BF13: 13.746 | BG13: 13.336 | BH13: 3655333 | BI13: 3429285 | BJ13: 2184970 | BK13: 2525595 | BL13: 3717242 | BM13: 2951581 | BN13: 3881134 | BO13: 3504361 | BP13: 2189330 | BQ13: 1344211 | BR13: 3496034 | BS13: 4006388 | BT13: 3655333 | BU13: 3429285 | BV13: 2184970 | BW13: 2525595 | BX13: 3717242 | BY13: 2951581 | BZ13: 3881134 | CA13: 3504361 | CB13: 2189330 | CC13: 1344211 | CD13: 3496034 | CE13: 4006388 | CF13: 317466.69 | CG13: 298881.26 | CH13: 186785.48 | CI13: 195745.14 | CJ13: 296240.07 | CK13: 242375.48 | CL13: 319265.68 | CM13: 308482.89 | CN13: 165872.7 | CO13: 103294.84 | CP13: 275469.2 | CQ13: 337256.79 | CR13: 2756343 | CS13: 2756343 | CT13: 36885464 | CU13: 36885464 | CV13: 3047136.2 | CW13: 2024
A14: Vintage1975 | B14: hard coal | C14: TRUE | D14: 1307.2817.ND.ST | E14: 2817 | F14: N | G14: . | H14: Leland Olds | I14: Basin Electric Power Coop | J14: 1307 | K14: ND | L14: WNC | M14: MRO | O14: 22 | P14: 1 | Q14: Electric Utility | R14: ST | S14: RC | T14: COL | U14: SWPP | V14: M | W14: short tons | X14: 0 | Y14: 0 | Z14: 0 | AA14: 0 | AB14: 0 | AC14: 0 | AD14: 0 | AE14: 0 | AF14: 0 | AG14: 0 | AH14: 0 | AI14: 0 | AJ14: 0 | AK14: 0 | AL14: 0 | AM14: 0 | AN14: 0 | AO14: 0 | AP14: 0 | AQ14: 0 | AR14: 0 | AS14: 0 | AT14: 0 | AU14: 0 | AV14: 0 | AW14: 0 | AX14: 0 | AY14: 0 | AZ14: 0 | BA14: 0 | BB14: 0 | BC14: 0 | BD14: 0 | BE14: 0 | BF14: 0 | BG14: 0 | BH14: 0 | BI14: 0 | BJ14: 0 | BK14: 0 | BL14: 0 | BM14: 0 | BN14: 0 | BO14: 0 | BP14: 0 | BQ14: 0 | BR14: 0 | BS14: 0 | BT14: 0 | BU14: 0 | BV14: 0 | BW14: 0 | BX14: 0 | BY14: 0 | BZ14: 0 | CA14: 0 | CB14: 0 | CC14: 0 | CD14: 0 | CE14: 0 | CF14: 0 | CG14: 0 | CH14: 0 | CI14: 0 | CJ14: 0 | CK14: 0 | CL14: 0 | CM14: 0 | CN14: 0 | CO14: 0 | CP14: 0 | CQ14: 0 | CR14: 0 | CS14: 0 | CT14: 0 | CU14: 0 | CV14: 0 | CW14: 2024
A15: Vintage1975 | B15: hard coal | C15: TRUE | D15: 1307.2817.ND.ST | E15: 2817 | F15: N | G15: . | H15: Leland Olds | I15: Basin Electric Power Coop | J15: 1307 | K15: ND | L15: WNC | M15: MRO | O15: 22 | P15: 1 | Q15: Electric Utility | R15: ST | S15: SUB | T15: COL | U15: SWPP | V15: M | W15: short tons | X15: 0 | Y15: 0 | Z15: 0 | AA15: 0 | AB15: 0 | AC15: 0 | AD15: 0 | AE15: 0 | AF15: 0 | AG15: 0 | AH15: 0 | AI15: 0 | AJ15: 0 | AK15: 0 | AL15: 0 | AM15: 0 | AN15: 0 | AO15: 0 | AP15: 0 | AQ15: 0 | AR15: 0 | AS15: 0 | AT15: 0 | AU15: 0 | AV15: 0 | AW15: 0 | AX15: 0 | AY15: 0 | AZ15: 0 | BA15: 0 | BB15: 0 | BC15: 0 | BD15: 0 | BE15: 0 | BF15: 0 | BG15: 0 | BH15: 0 | BI15: 0 | BJ15: 0 | BK15: 0 | BL15: 0 | BM15: 0 | BN15: 0 | BO15: 0 | BP15: 0 | BQ15: 0 | BR15: 0 | BS15: 0 | BT15: 0 | BU15: 0 | BV15: 0 | BW15: 0 | BX15: 0 | BY15: 0 | BZ15: 0 | CA15: 0 | CB15: 0 | CC15: 0 | CD15: 0 | CE15: 0 | CF15: 0 | CG15: 0 | CH15: 0 | CI15: 0 | CJ15: 0 | CK15: 0 | CL15: 0 | CM15: 0 | CN15: 0 | CO15: 0 | CP15: 0 | CQ15: 0 | CR15: 0 | CS15: 0 | CT15: 0 | CU15: 0 | CV15: 0 | CW15: 2024
A16: Vintage1977 | B16: petroleum | C16: TRUE | D16: 12658.2823.ND.ST | E16: 2823 | F16: N | G16: . | H16: Milton R Young | I16: Minnkota Power Coop, Inc | J16: 12658 | K16: ND | L16: WNC | M16: MRO | O16: 22 | P16: 1 | Q16: Electric Utility | R16: ST | S16: DFO | T16: DFO | U16: MISO | V16: M | W16: barrels | X16: 8833 | Y16: 10194 | Z16: 6688 | AA16: 1322 | AB16: 1659 | AC16: 2605 | AD16: 2269 | AE16: 648 | AF16: 2352 | AG16: 1797 | AH16: 1482 | AI16: 3804 | AJ16: 8833 | AK16: 10194 | AL16: 6688 | AM16: 1322 | AN16: 1659 | AO16: 2605 | AP16: 2269 | AQ16: 648 | AR16: 2352 | AS16: 1797 | AT16: 1482 | AU16: 3804 | AV16: 5.88 | AW16: 5.88 | AX16: 5.88 | AY16: 5.88 | AZ16: 5.88 | BA16: 5.88 | BB16: 5.88 | BC16: 5.88 | BD16: 5.88 | BE16: 5.88 | BF16: 5.88 | BG16: 5.873 | BH16: 51938 | BI16: 59941 | BJ16: 39325 | BK16: 7773 | BL16: 9755 | BM16: 15317 | BN16: 13342 | BO16: 3810 | BP16: 13830 | BQ16: 10566 | BR16: 8714 | BS16: 22341 | BT16: 51938 | BU16: 59941 | BV16: 39325 | BW16: 7773 | BX16: 9755 | BY16: 15317 | BZ16: 13342 | CA16: 3810 | CB16: 13830 | CC16: 10566 | CD16: 8714 | CE16: 22341 | CF16: 4489.64 | CG16: 5087.256 | CH16: 3352.579 | CI16: 652.574 | CJ16: 821.035 | CK16: 1276.487 | CL16: 1102.805 | CM16: 320.101 | CN16: 1168.389 | CO16: 913.092 | CP16: 735.466 | CQ16: 1863.704 | CR16: 43653 | CS16: 43653 | CT16: 256652 | CU16: 256652 | CV16: 21783.128 | CW16: 2024
A17: Vintage1977 | B17: lignite | C17: TRUE | D17: 12658.2823.ND.ST | E17: 2823 | F17: N | G17: . | H17: Milton R Young | I17: Minnkota Power Coop, Inc | J17: 12658 | K17: ND | L17: WNC | M17: MRO | O17: 22 | P17: 1 | Q17: Electric Utility | R17: ST | S17: LIG | T17: COL | U17: MISO | V17: M | W17: short tons | X17: 360316 | Y17: 334672 | Z17: 375344 | AA17: 321839 | AB17: 212115 | AC17: 356660 | AD17: 393772 | AE17: 394309 | AF17: 182920 | AG17: 245558 | AH17: 312835 | AI17: 368233 | AJ17: 360316 | AK17: 334672 | AL17: 375344 | AM17: 321839 | AN17: 212115 | AO17: 356660 | AP17: 393772 | AQ17: 394309 | AR17: 182920 | AS17: 245558 | AT17: 312835 | AU17: 368233 | AV17: 13.025 | AW17: 13.157 | AX17: 13.173 | AY17: 13.486 | AZ17: 13.211 | BA17: 13.272 | BB17: 13.33 | BC17: 13.171 | BD17: 13.143 | BE17: 13.22 | BF17: 13.4 | BG17: 13.52 | BH17: 4693116 | BI17: 4403280 | BJ17: 4944407 | BK17: 4340321 | BL17: 2802251 | BM17: 4733592 | BN17: 5248981 | BO17: 5193444 | BP17: 2404118 | BQ17: 3246277 | BR17: 4191989 | BS17: 4978510 | BT17: 4693116 | BU17: 4403280 | BV17: 4944407 | BW17: 4340321 | BX17: 2802251 | BY17: 4733592 | BZ17: 5248981 | CA17: 5193444 | CB17: 2404118 | CC17: 3246277 | CD17: 4191989 | CE17: 4978510 | CF17: 405683.36 | CG17: 373712.74 | CH17: 421521.42 | CI17: 364370.43 | CJ17: 235854.97 | CK17: 394477.51 | CL17: 433872.2 | CM17: 436304.9 | CN17: 203108.61 | CO17: 280526.91 | CP17: 353799.53 | CQ17: 415313.3 | CR17: 3858573 | CS17: 3858573 | CT17: 51180286 | CU17: 51180286 | CV17: 4318545.9 | CW17: 2024
A18: Vintage1977 | B18: hard coal | C18: TRUE | D18: 12658.2823.ND.ST | E18: 2823 | F18: N | G18: . | H18: Milton R Young | I18: Minnkota Power Coop, Inc | J18: 12658 | K18: ND | L18: WNC | M18: MRO | O18: 22 | P18: 1 | Q18: Electric Utility | R18: ST | S18: RC | T18: COL | U18: MISO | V18: M | W18: short tons | X18: 0 | Y18: 0 | Z18: 0 | AA18: 0 | AB18: 0 | AC18: 0 | AD18: 0 | AE18: 0 | AF18: 0 | AG18: 0 | AH18: 0 | AI18: 0 | AJ18: 0 | AK18: 0 | AL18: 0 | AM18: 0 | AN18: 0 | AO18: 0 | AP18: 0 | AQ18: 0 | AR18: 0 | AS18: 0 | AT18: 0 | AU18: 0 | AV18: 0 | AW18: 0 | AX18: 0 | AY18: 0 | AZ18: 0 | BA18: 0 | BB18: 0 | BC18: 0 | BD18: 0 | BE18: 0 | BF18: 0 | BG18: 0 | BH18: 0 | BI18: 0 | BJ18: 0 | BK18: 0 | BL18: 0 | BM18: 0 | BN18: 0 | BO18: 0 | BP18: 0 | BQ18: 0 | BR18: 0 | BS18: 0 | BT18: 0 | BU18: 0 | BV18: 0 | BW18: 0 | BX18: 0 | BY18: 0 | BZ18: 0 | CA18: 0 | CB18: 0 | CC18: 0 | CD18: 0 | CE18: 0 | CF18: 0 | CG18: 0 | CH18: 0 | CI18: 0 | CJ18: 0 | CK18: 0 | CL18: 0 | CM18: 0 | CN18: 0 | CO18: 0 | CP18: 0 | CQ18: 0 | CR18: 0 | CS18: 0 | CT18: 0 | CU18: 0 | CV18: 0 | CW18: 2024
A19: Vintage2016 | B19: petroleum | C19: TRUE | D19: 65146.6030.ND.IC | E19: 6030 | F19: Y | G19: . | H19: Coal Creek | I19: Rainbow Energy Center | J19: 65146 | K19: ND | L19: WNC | M19: MRO | O19: 22 | P19: 1 | Q19: Electric Utility | R19: IC | S19: DFO | T19: DFO | U19: MISO | V19: M | W19: barrels | X19: 0 | Y19: 0 | Z19: 0 | AA19: 0 | AB19: 0 | AC19: 0 | AD19: 0 | AE19: 0 | AF19: 0 | AG19: 0 | AH19: 0 | AI19: 0 | AJ19: 0 | AK19: 0 | AL19: 0 | AM19: 0 | AN19: 0 | AO19: 0 | AP19: 0 | AQ19: 0 | AR19: 0 | AS19: 0 | AT19: 0 | AU19: 0 | AV19: 0 | AW19: 0 | AX19: 0 | AY19: 0 | AZ19: 0 | BA19: 0 | BB19: 0 | BC19: 0 | BD19: 0 | BE19: 0 | BF19: 0 | BG19: 0 | BH19: 0 | BI19: 0 | BJ19: 0 | BK19: 0 | BL19: 0 | BM19: 0 | BN19: 0 | BO19: 0 | BP19: 0 | BQ19: 0 | BR19: 0 | BS19: 0 | BT19: 0 | BU19: 0 | BV19: 0 | BW19: 0 | BX19: 0 | BY19: 0 | BZ19: 0 | CA19: 0 | CB19: 0 | CC19: 0 | CD19: 0 | CE19: 0 | CF19: 0 | CG19: 0 | CH19: 0 | CI19: 0 | CJ19: 0 | CK19: 0 | CL19: 0 | CM19: 0 | CN19: 0 | CO19: 0 | CP19: 0 | CQ19: 0 | CR19: 0 | CS19: 0 | CT19: 0 | CU19: 0 | CV19: 0 | CW19: 2024
A20: Vintage1980 | B20: petroleum | C20: TRUE | D20: 65146.6030.ND.ST | E20: 6030 | F20: Y | G20: . | H20: Coal Creek | I20: Rainbow Energy Center | J20: 65146 | K20: ND | L20: WNC | M20: MRO | O20: 22 | P20: 1 | Q20: Electric Utility | R20: ST | S20: DFO | T20: DFO | U20: MISO | V20: M | W20: barrels | X20: 0 | Y20: 310 | Z20: 0 | AA20: 1198 | AB20: 598 | AC20: 22 | AD20: 862 | AE20: 859 | AF20: 436 | AG20: 0 | AH20: 567 | AI20: 0 | AJ20: 0 | AK20: 282 | AL20: 0 | AM20: 1079 | AN20: 550 | AO20: 20 | AP20: 799 | AQ20: 797 | AR20: 404 | AS20: 0 | AT20: 520 | AU20: 0 | AV20: 0 | AW20: 5.7 | AX20: 0 | AY20: 5.7 | AZ20: 5.7 | BA20: 5.7 | BB20: 5.7 | BC20: 5.7 | BD20: 5.7 | BE20: 0 | BF20: 5.7 | BG20: 0 | BH20: 0 | BI20: 1767 | BJ20: 0 | BK20: 6829 | BL20: 3409 | BM20: 125 | BN20: 4913 | BO20: 4896 | BP20: 2485 | BQ20: 0 | BR20: 3232 | BS20: 0 | BT20: 0 | BU20: 1605 | BV20: 0 | BW20: 6151 | BX20: 3136 | BY20: 116 | BZ20: 4555 | CA20: 4545 | CB20: 2303 | CC20: 0 | CD20: 2965 | CE20: 0 | CF20: 0 | CG20: 160.227 | CH20: 0 | CI20: 614.069 | CJ20: 313.118 | CK20: 11.569 | CL20: 455.695 | CM20: 454.25 | CN20: 230.374 | CO20: 0 | CP20: 297.039 | CQ20: 0 | CR20: 4852 | CS20: 4451 | CT20: 27656 | CU20: 25376 | CV20: 2536.341 | CW20: 2024
A21: Vintage1980 | B21: lignite | C21: TRUE | D21: 65146.6030.ND.ST | E21: 6030 | F21: Y | G21: . | H21: Coal Creek | I21: Rainbow Energy Center | J21: 65146 | K21: ND | L21: WNC | M21: MRO | O21: 22 | P21: 1 | Q21: Electric Utility | R21: ST | S21: LIG | T21: COL | U21: MISO | V21: M | W21: short tons | X21: 0 | Y21: 0 | Z21: 0 | AA21: 0 | AB21: 0 | AC21: 0 | AD21: 0 | AE21: 0 | AF21: 0 | AG21: 0 | AH21: 0 | AI21: 0 | AJ21: 0 | AK21: 0 | AL21: 0 | AM21: 0 | AN21: 0 | AO21: 0 | AP21: 0 | AQ21: 0 | AR21: 0 | AS21: 0 | AT21: 0 | AU21: 0 | AV21: 0 | AW21: 0 | AX21: 0 | AY21: 0 | AZ21: 0 | BA21: 0 | BB21: 0 | BC21: 0 | BD21: 0 | BE21: 0 | BF21: 0 | BG21: 0 | BH21: 0 | BI21: 0 | BJ21: 0 | BK21: 0 | BL21: 0 | BM21: 0 | BN21: 0 | BO21: 0 | BP21: 0 | BQ21: 0 | BR21: 0 | BS21: 0 | BT21: 0 | BU21: 0 | BV21: 0 | BW21: 0 | BX21: 0 | BY21: 0 | BZ21: 0 | CA21: 0 | CB21: 0 | CC21: 0 | CD21: 0 | CE21: 0 | CF21: 0 | CG21: 0 | CH21: 0 | CI21: 0 | CJ21: 0 | CK21: 0 | CL21: 0 | CM21: 0 | CN21: 0 | CO21: 0 | CP21: 0 | CQ21: 0 | CR21: 0 | CS21: 0 | CT21: 0 | CU21: 0 | CV21: 0 | CW21: 2024
A22: Vintage1980 | B22: hard coal | C22: TRUE | D22: 65146.6030.ND.ST | E22: 6030 | F22: Y | G22: . | H22: Coal Creek | I22: Rainbow Energy Center | J22: 65146 | K22: ND | L22: WNC | M22: MRO | O22: 22 | P22: 1 | Q22: Electric Utility | R22: ST | S22: RC | T22: COL | U22: MISO | V22: M | W22: short tons | X22: 643406 | Y22: 540702 | Z22: 551490 | AA22: 441695 | AB22: 556775 | AC22: 522855 | AD22: 596280 | AE22: 543064 | AF22: 576140 | AG22: 581507 | AH22: 568167 | AI22: 655519 | AJ22: 591263 | AK22: 490993 | AL22: 495689 | AM22: 397868 | AN22: 512179 | AO22: 483195 | AP22: 552815 | AQ22: 504152 | AR22: 533909 | AS22: 535575 | AT22: 521274 | AU22: 600273 | AV22: 13.088 | AW22: 13.272 | AX22: 13.39 | AY22: 13.258 | AZ22: 13.316 | BA22: 13.194 | BB22: 13.244 | BC22: 13.294 | BD22: 13.302 | BE22: 13.322 | BF22: 13.334 | BG22: 13.32 | BH22: 8420898 | BI22: 7176197 | BJ22: 7384451 | BK22: 5855992 | BL22: 7414016 | BM22: 6898549 | BN22: 7897132 | BO22: 7219493 | BP22: 7663814 | BQ22: 7746836 | BR22: 7575939 | BS22: 8731513 | BT22: 7738453 | BU22: 6516459 | BV22: 6637281 | BW22: 5274933 | BX22: 6820182 | BY22: 6375271 | BZ22: 7321488 | CA22: 6702202 | CB22: 7102053 | CC22: 7134925 | CD22: 6950663 | CE22: 7995635 | CF22: 775172 | CG22: 650720.77 | CH22: 662122 | CI22: 526605.93 | CJ22: 681060.88 | CK22: 636430.43 | CL22: 732422.31 | CM22: 669782.75 | CN22: 710422.63 | CO22: 713627 | CP22: 696291.96 | CQ22: 801419 | CR22: 6777600 | CS22: 6219185 | CT22: 89984830 | CU22: 82569545 | CV22: 8256077.7 | CW22: 2024
A23: Vintage1986 | B23: lignite | C23: TRUE | D23: 1307.6469.ND.ST | E23: 6469 | F23: N | G23: . | H23: Antelope Valley | I23: Basin Electric Power Coop | J23: 1307 | K23: ND | L23: WNC | M23: MRO | O23: 22 | P23: 1 | Q23: Electric Utility | R23: ST | S23: LIG | T23: COL | U23: SWPP | V23: M | W23: short tons | X23: 470889 | Y23: 384873 | Z23: 400032 | AA23: 189101 | AB23: 221242 | AC23: 281146 | AD23: 419407 | AE23: 420625 | AF23: 398341 | AG23: 408579 | AH23: 411654 | AI23: 427263 | AJ23: 470889 | AK23: 384873 | AL23: 400032 | AM23: 189101 | AN23: 221242 | AO23: 281146 | AP23: 419407 | AQ23: 420625 | AR23: 398341 | AS23: 408579 | AT23: 411654 | AU23: 427263 | AV23: 13.075 | AW23: 13.297 | AX23: 13.522 | AY23: 13.032 | AZ23: 12.684 | BA23: 12.794 | BB23: 13.089 | BC23: 12.851 | BD23: 13.137 | BE23: 13.156 | BF23: 13.208 | BG23: 12.776 | BH23: 6156874 | BI23: 5117656 | BJ23: 5409233 | BK23: 2464364 | BL23: 2806234 | BM23: 3596982 | BN23: 5489618 | BO23: 5405452 | BP23: 5233006 | BQ23: 5375265 | BR23: 5437126 | BS23: 5458712 | BT23: 6156874 | BU23: 5117656 | BV23: 5409233 | BW23: 2464364 | BX23: 2806234 | BY23: 3596982 | BZ23: 5489618 | CA23: 5405452 | CB23: 5233006 | CC23: 5375265 | CD23: 5437126 | CE23: 5458712 | CF23: 550634.44 | CG23: 456963.49 | CH23: 457648.26 | CI23: 232885.93 | CJ23: 256442.38 | CK23: 310448.04 | CL23: 500900.81 | CM23: 486401.72 | CN23: 486785.71 | CO23: 471599.53 | CP23: 467548.36 | CQ23: 493455.13 | CR23: 4433152 | CS23: 4433152 | CT23: 57950522 | CU23: 57950522 | CV23: 5171713.8 | CW23: 2024
... A36: Vintage1983 | B36: natural gas steam turbine | C36: FALSE | D36: 772.54908.ND.ST | E36: 54908 | F36: Y | G36: . | H36: Enderlin | I36: Archer Daniels Midland Co | J36: 772 | K36: ND | L36: WNC | M36: MRO | O36: 311 | P36: 7 | Q36: Industrial NAICS Cogen | R36: ST | S36: NG | T36: NG | U36: MISO | V36: A | W36: mcf | X36: 0 | Y36: 0 | Z36: 0 | AA36: 0 | AB36: 0 | AC36: 0 | AD36: 0 | AE36: 0 | AF36: 0 | AG36: 0 | AH36: 0 | AI36: 0 | AJ36: 0 | AK36: 0 | AL36: 0 | AM36: 0 | AN36: 0 | AO36: 0 | AP36: 0 | AQ36: 0 | AR36: 0 | AS36: 0 | AT36: 0 | AU36: 0 | AV36: 0 | AW36: 0 | AX36: 0 | AY36: 0 | AZ36: 0 | BA36: 0 | BB36: 0 | BC36: 0 | BD36: 0 | BE36: 0 | BF36: 0 | BG36: 0 | BH36: 0 | BI36: 0 | BJ36: 0 | BK36: 0 | BL36: 0 | BM36: 0 | BN36: 0 | BO36: 0 | BP36: 0 | BQ36: 0 | BR36: 0 | BS36: 0 | BT36: 0 | BU36: 0 | BV36: 0 | BW36: 0 | BX36: 0 | BY36: 0 | BZ36: 0 | CA36: 0 | CB36: 0 | CC36: 0 | CD36: 0 | CE36: 0 | CF36: 0 | CG36: 0 | CH36: 0 | CI36: 0 | CJ36: 0 | CK36: 0 | CL36: 0 | CM36: 0 | CN36: 0 | CO36: 0 | CP36: 0 | CQ36: 0 | CR36: 0 | CS36: 0 | CT36: 0 | CU36: 0 | CV36: 0 | CW36: 2024
A37: Vintage2009 | B37: onshore wind | C37: TRUE | D37: 1307.55995.ND.WT | E37: 55995 | F37: N | G37: . | H37: Minot Wind Project | I37: Basin Electric Power Coop | J37: 1307 | K37: ND | L37: WNC | M37: MRO | O37: 22 | P37: 1 | Q37: Electric Utility | R37: WT | S37: WND | T37: WND | U37: SWPP | V37: AM | X37: 0 | Y37: 0 | Z37: 0 | AA37: 0 | AB37: 0 | AC37: 0 | AD37: 0 | AE37: 0 | AF37: 0 | AG37: 0 | AH37: 0 | AI37: 0 | AJ37: 0 | AK37: 0 | AL37: 0 | AM37: 0 | AN37: 0 | AO37: 0 | AP37: 0 | AQ37: 0 | AR37: 0 | AS37: 0 | AT37: 0 | AU37: 0 | AV37: 0 | AW37: 0 | AX37: 0 | AY37: 0 | AZ37: 0 | BA37: 0 | BB37: 0 | BC37: 0 | BD37: 0 | BE37: 0 | BF37: 0 | BG37: 0 | BH37: 4978 | BI37: 4439 | BJ37: 5012 | BK37: 6657 | BL37: 5312 | BM37: 5251 | BN37: 3064 | BO37: 4227 | BP37: 5708 | BQ37: 5534 | BR37: 5435 | BS37: 6404 | BT37: 4978 | BU37: 4439 | BV37: 5012 | BW37: 6657 | BX37: 5312 | BY37: 5251 | BZ37: 3064 | CA37: 4227 | CB37: 5708 | CC37: 5534 | CD37: 5435 | CE37: 6404 | CF37: 1459 | CG37: 1301 | CH37: 1469 | CI37: 1951 | CJ37: 1557 | CK37: 1539 | CL37: 898 | CM37: 1239 | CN37: 1673 | CO37: 1622 | CP37: 1593 | CQ37: 1877 | CR37: 0 | CS37: 0 | CT37: 62021 | CU37: 62021 | CV37: 18178 | CW37: 2024
A38: Vintage2002 | B38: petroleum | C38: TRUE | D38: 8628.56098.ND.IC | E38: 56098 | F38: N | G38: . | H38: Hillsboro | I38: City of Hillsboro - (ND) | J38: 8628 | K38: ND | L38: WNC | M38: MRO | O38: 22 | P38: 1 | Q38: Electric Utility | R38: IC | S38: DFO | T38: DFO | U38: MISO | V38: A | W38: barrels | X38: 4 | Y38: 2 | Z38: 2 | AA38: 1 | AB38: 2 | AC38: 1 | AD38: 1 | AE38: 1 | AF38: 1 | AG38: 2 | AH38: 2 | AI38: 1 | AJ38: 4 | AK38: 2 | AL38: 2 | AM38: 1 | AN38: 2 | AO38: 1 | AP38: 1 | AQ38: 1 | AR38: 1 | AS38: 2 | AT38: 2 | AU38: 1 | AV38: 5.8 | AW38: 5.8 | AX38: 5.8 | AY38: 5.8 | AZ38: 5.8 | BA38: 5.8 | BB38: 5.8 | BC38: 5.8 | BD38: 5.8 | BE38: 5.8 | BF38: 5.8 | BG38: 5.8 | BH38: 23 | BI38: 12 | BJ38: 12 | BK38: 6 | BL38: 12 | BM38: 6 | BN38: 6 | BO38: 6 | BP38: 6 | BQ38: 12 | BR38: 12 | BS38: 6 | BT38: 23 | BU38: 12 | BV38: 12 | BW38: 6 | BX38: 12 | BY38: 6 | BZ38: 6 | CA38: 6 | CB38: 6 | CC38: 12 | CD38: 12 | CE38: 6 | CF38: 2.072 | CG38: 1.328 | CH38: 1.054 | CI38: 0.847 | CJ38: 1.03 | CK38: 0.71 | CL38: 0.7 | CM38: 0.848 | CN38: 0.636 | CO38: 0.962 | CP38: 0.936 | CQ38: 0.877 | CR38: 20 | CS38: 20 | CT38: 119 | CU38: 119 | CV38: 12 | CW38: 2024
A39: Vintage2003 | B39: onshore wind | C39: TRUE | D39: 34723.56099.ND.WT | E39: 56099 | F39: N | G39: . | H39: FPL Energy North Dakota Wind I/II | I39: FPL Energy North Dakota Wind LLC | J39: 34723 | K39: ND | L39: WNC | M39: MRO | O39: 22 | P39: 2 | Q39: NAICS-22 Non-Cogen | R39: WT | S39: WND | T39: WND | U39: MISO | V39: AM | X39: 0 | Y39: 0 | Z39: 0 | AA39: 0 | AB39: 0 | AC39: 0 | AD39: 0 | AE39: 0 | AF39: 0 | AG39: 0 | AH39: 0 | AI39: 0 | AJ39: 0 | AK39: 0 | AL39: 0 | AM39: 0 | AN39: 0 | AO39: 0 | AP39: 0 | AQ39: 0 | AR39: 0 | AS39: 0 | AT39: 0 | AU39: 0 | AV39: 0 | AW39: 0 | AX39: 0 | AY39: 0 | AZ39: 0 | BA39: 0 | BB39: 0 | BC39: 0 | BD39: 0 | BE39: 0 | BF39: 0 | BG39: 0 | BH39: 29821 | BI39: 44786 | BJ39: 49416 | BK39: 49658 | BL39: 43834 | BM39: 38392 | BN39: 21550 | BO39: 31288 | BP39: 40825 | BQ39: 41384 | BR39: 43564 | BS39: 31991 | BT39: 29821 | BU39: 44786 | BV39: 49416 | BW39: 49658 | BX39: 43834 | BY39: 38392 | BZ39: 21550 | CA39: 31288 | CB39: 40825 | CC39: 41384 | CD39: 43564 | CE39: 31991 | CF39: 8740 | CG39: 13126 | CH39: 14483 | CI39: 14554 | CJ39: 12847 | CK39: 11252 | CL39: 6316 | CM39: 9170 | CN39: 11965 | CO39: 12129 | CP39: 12768 | CQ39: 9376 | CR39: 0 | CS39: 0 | CT39: 466509 | CU39: 466509 | CV39: 136726 | CW39: 2024
A40: Vintage2001 | B40: petroleum | C40: FALSE | D40: 49991.56242.ND.IC | E40: 56242 | F40: N | G40: . | H40: Kindred School | I40: Kindred Public School | J40: 49991 | K40: ND | L40: WNC | M40: MRO | O40: 611 | P40: 4 | Q40: Commercial NAICS Non-Cogen | R40: IC | S40: DFO | T40: DFO | U40: MISO | V40: M | W40: barrels | X40: 0 | Y40: 0 | Z40: 0 | AA40: 7 | AB40: 3 | AC40: 1 | AD40: 0 | AE40: 2 | AF40: 1 | AG40: 4 | AH40: 0 | AI40: 78 | AJ40: 0 | AK40: 0 | AL40: 0 | AM40: 7 | AN40: 3 | AO40: 1 | AP40: 0 | AQ40: 2 | AR40: 1 | AS40: 4 | AT40: 0 | AU40: 78 | AV40: 0 | AW40: 0 | AX40: 0 | AY40: 5.8 | AZ40: 5.8 | BA40: 5.8 | BB40: 0 | BC40: 5.8 | BD40: 5.8 | BE40: 5.8 | BF40: 0 | BG40: 5.8 | BH40: 0 | BI40: 0 | BJ40: 0 | BK40: 41 | BL40: 17 | BM40: 6 | BN40: 0 | BO40: 12 | BP40: 6 | BQ40: 23 | BR40: 0 | BS40: 452 | BT40: 0 | BU40: 0 | BV40: 0 | BW40: 41 | BX40: 17 | BY40: 6 | BZ40: 0 | CA40: 12 | CB40: 6 | CC40: 23 | CD40: 0 | CE40: 452 | CF40: 0 | CG40: 0 | CH40: 0 | CI40: 10 | CJ40: 4 | CK40: 2 | CL40: 0 | CM40: 2 | CN40: 2 | CO40: 6 | CP40: 0 | CQ40: 104 | CR40: 96 | CS40: 96 | CT40: 557 | CU40: 557 | CV40: 130 | CW40: 2024
A41: Vintage2006 | B41: onshore wind | C41: TRUE | D41: 54717.56357.ND.WT | E41: 56357 | F41: N | G41: . | H41: FPL Energy Burleigh County Wind | I41: FPL Energy Burleigh County Wind LLC | J41: 54717 | K41: ND | L41: WNC | M41: MRO | O41: 22 | P41: 2 | Q41: NAICS-22 Non-Cogen | R41: WT | S41: WND | T41: WND | U41: MISO | V41: AM | X41: 0 | Y41: 0 | Z41: 0 | AA41: 0 | AB41: 0 | AC41: 0 | AD41: 0 | AE41: 0 | AF41: 0 | AG41: 0 | AH41: 0 | AI41: 0 | AJ41: 0 | AK41: 0 | AL41: 0 | AM41: 0 | AN41: 0 | AO41: 0 | AP41: 0 | AQ41: 0 | AR41: 0 | AS41: 0 | AT41: 0 | AU41: 0 | AV41: 0 | AW41: 0 | AX41: 0 | AY41: 0 | AZ41: 0 | BA41: 0 | BB41: 0 | BC41: 0 | BD41: 0 | BE41: 0 | BF41: 0 | BG41: 0 | BH41: 51105 | BI41: 48945 | BJ41: 56240 | BK41: 71778 | BL41: 54394 | BM41: 55005 | BN41: 33090 | BO41: 49737 | BP41: 60938 | BQ41: 53394 | BR41: 53780 | BS41: 58935 | BT41: 51105 | BU41: 48945 | BV41: 56240 | BW41: 71778 | BX41: 54394 | BY41: 55005 | BZ41: 33090 | CA41: 49737 | CB41: 60938 | CC41: 53394 | CD41: 53780 | CE41: 58935 | CF41: 14978 | CG41: 14345 | CH41: 16483 | CI41: 21037 | CJ41: 15942 | CK41: 16121 | CL41: 9698 | CM41: 14577 | CN41: 17860 | CO41: 15649 | CP41: 15762 | CQ41: 17273 | CR41: 0 | CS41: 0 | CT41: 647341 | CU41: 647341 | CV41: 189725 | CW41: 2024
A42: Vintage2006 | B42: onshore wind | C42: TRUE | D42: 55696.56392.ND.WT | E42: 56392 | F42: N | G42: . | H42: FPL Energy Oliver Wind I LLC | I42: FPL Energy Oliver County Wind | J42: 55696 | K42: ND | L42: WNC | M42: MRO | O42: 22 | P42: 2 | Q42: NAICS-22 Non-Cogen | R42: WT | S42: WND | T42: WND | U42: MISO | V42: AM | X42: 0 | Y42: 0 | Z42: 0 | AA42: 0 | AB42: 0 | AC42: 0 | AD42: 0 | AE42: 0 | AF42: 0 | AG42: 0 | AH42: 0 | AI42: 0 | AJ42: 0 | AK42: 0 | AL42: 0 | AM42: 0 | AN42: 0 | AO42: 0 | AP42: 0 | AQ42: 0 | AR42: 0 | AS42: 0 | AT42: 0 | AU42: 0 | AV42: 0 | AW42: 0 | AX42: 0 | AY42: 0 | AZ42: 0 | BA42: 0 | BB42: 0 | BC42: 0 | BD42: 0 | BE42: 0 | BF42: 0 | BG42: 0 | BH42: 41415 | BI42: 45581 | BJ42: 50805 | BK42: 62293 | BL42: 51770 | BM42: 50484 | BN42: 35795 | BO42: 48884 | BP42: 55994 | BQ42: 49525 | BR42: 47034 | BS42: 63603 | BT42: 41415 | BU42: 45581 | BV42: 50805 | BW42: 62293 | BX42: 51770 | BY42: 50484 | BZ42: 35795 | CA42: 48884 | CB42: 55994 | CC42: 49525 | CD42: 47034 | CE42: 63603 | CF42: 12138 | CG42: 13359 | CH42: 14890 | CI42: 18257 | CJ42: 15173 | CK42: 14796 | CL42: 10491 | CM42: 14327 | CN42: 16411 | CO42: 14515 | CP42: 13785 | CQ42: 18641 | CR42: 0 | CS42: 0 | CT42: 603183 | CU42: 603183 | CV42: 176783 | CW42: 2024
A43: Vintage2007 | B43: onshore wind | C43: TRUE | D43: 54799.56573.ND.WT | E43: 56573 | F43: N | G43: . | H43: FPL Energy Oliver Wind II LLC | I43: FPL Energy Oliver County Wind II LLC | J43: 54799 | K43: ND | L43: WNC | M43: MRO | O43: 22 | P43: 2 | Q43: NAICS-22 Non-Cogen | R43: WT | S43: WND | T43: WND | U43: MISO | V43: AM | X43: 0 | Y43: 0 | Z43: 0 | AA43: 0 | AB43: 0 | AC43: 0 | AD43: 0 | AE43: 0 | AF43: 0 | AG43: 0 | AH43: 0 | AI43: 0 | AJ43: 0 | AK43: 0 | AL43: 0 | AM43: 0 | AN43: 0 | AO43: 0 | AP43: 0 | AQ43: 0 | AR43: 0 | AS43: 0 | AT43: 0 | AU43: 0 | AV43: 0 | AW43: 0 | AX43: 0 | AY43: 0 | AZ43: 0 | BA43: 0 | BB43: 0 | BC43: 0 | BD43: 0 | BE43: 0 | BF43: 0 | BG43: 0 | BH43: 51218 | BI43: 48972 | BJ43: 52227 | BK43: 62958 | BL43: 51228 | BM43: 38760 | BN43: 37003 | BO43: 54684 | BP43: 57240 | BQ43: 49911 | BR43: 50559 | BS43: 62610 | BT43: 51218 | BU43: 48972 | BV43: 52227 | BW43: 62958 | BX43: 51228 | BY43: 38760 | BZ43: 37003 | CA43: 54684 | CB43: 57240 | CC43: 49911 | CD43: 50559 | CE43: 62610 | CF43: 15011 | CG43: 14353 | CH43: 15307 | CI43: 18452 | CJ43: 15014 | CK43: 11360 | CL43: 10845 | CM43: 16027 | CN43: 16776 | CO43: 14628 | CP43: 14818 | CQ43: 18350 | CR43: 0 | CS43: 0 | CT43: 617370 | CU43: 617370 | CV43: 180941 | CW43: 2024
A44: Vintage2007 | B44: onshore wind | C44: TRUE | D44: 55799.56605.ND.WT | E44: 56605 | F44: N | G44: . | H44: Langdon Renewables, LLC | I44: FPL Energy Langdon Wind LLC | J44: 55799 | K44: ND | L44: WNC | M44: MRO | O44: 22 | P44: 2 | Q44: NAICS-22 Non-Cogen | R44: WT | S44: WND | T44: WND | U44: MISO | V44: AM | X44: 0 | Y44: 0 | Z44: 0 | AA44: 0 | AB44: 0 | AC44: 0 | AD44: 0 | AE44: 0 | AF44: 0 | AG44: 0 | AH44: 0 | AI44: 0 | AJ44: 0 | AK44: 0 | AL44: 0 | AM44: 0 | AN44: 0 | AO44: 0 | AP44: 0 | AQ44: 0 | AR44: 0 | AS44: 0 | AT44: 0 | AU44: 0 | AV44: 0 | AW44: 0 | AX44: 0 | AY44: 0 | AZ44: 0 | BA44: 0 | BB44: 0 | BC44: 0 | BD44: 0 | BE44: 0 | BF44: 0 | BG44: 0 | BH44: 131103 | BI44: 126623 | BJ44: 161449 | BK44: 166878 | BL44: 138077 | BM44: 139223 | BN44: 73941 | BO44: 110545 | BP44: 146515 | BQ44: 158525 | BR44: 142741 | BS44: 150193 | BT44: 131103 | BU44: 126623 | BV44: 161449 | BW44: 166878 | BX44: 138077 | BY44: 139223 | BZ44: 73941 | CA44: 110545 | CB44: 146515 | CC44: 158525 | CD44: 142741 | CE44: 150193 | CF44: 38424 | CG44: 37111 | CH44: 47318 | CI44: 48909 | CJ44: 40468 | CK44: 40804 | CL44: 21671 | CM44: 32399 | CN44: 42941 | CO44: 46461 | CP44: 41835 | CQ44: 44019 | CR44: 0 | CS44: 0 | CT44: 1645813 | CU44: 1645813 | CV44: 482360 | CW44: 2024
A45: Vintage2009 | B45: onshore wind | C45: TRUE | D45: 1307.56607.ND.WT | E45: 56607 | F45: N | G45: . | H45: Prairie Winds ND1 | I45: Basin Electric Power Coop | J45: 1307 | K45: ND | L45: WNC | M45: MRO | O45: 22 | P45: 1 | Q45: Electric Utility | R45: WT | S45: WND | T45: WND | U45: SWPP | V45: AM | X45: 0 | Y45: 0 | Z45: 0 | AA45: 0 | AB45: 0 | AC45: 0 | AD45: 0 | AE45: 0 | AF45: 0 | AG45: 0 | AH45: 0 | AI45: 0 | AJ45: 0 | AK45: 0 | AL45: 0 | AM45: 0 | AN45: 0 | AO45: 0 | AP45: 0 | AQ45: 0 | AR45: 0 | AS45: 0 | AT45: 0 | AU45: 0 | AV45: 0 | AW45: 0 | AX45: 0 | AY45: 0 | AZ45: 0 | BA45: 0 | BB45: 0 | BC45: 0 | BD45: 0 | BE45: 0 | BF45: 0 | BG45: 0 | BH45: 110484 | BI45: 84126 | BJ45: 80172 | BK45: 83676 | BL45: 90230 | BM45: 95857 | BN45: 51337 | BO45: 92769 | BP45: 78288 | BQ45: 79592 | BR45: 84928 | BS45: 128465 | BT45: 110484 | BU45: 84126 | BV45: 80172 | BW45: 83676 | BX45: 90230 | BY45: 95857 | BZ45: 51337 | CA45: 92769 | CB45: 78288 | CC45: 79592 | CD45: 84928 | CE45: 128465 | CF45: 32381 | CG45: 24656 | CH45: 23497 | CI45: 24524 | CJ45: 26445 | CK45: 28094 | CL45: 15046 | CM45: 27189 | CN45: 22945 | CO45: 23327 | CP45: 24891 | CQ45: 37651 | CR45: 0 | CS45: 0 | CT45: 1059924 | CU45: 1059924 | CV45: 310646 | CW45: 2024
A46: Vintage2008 | B46: onshore wind | C46: TRUE | D46: 55918.56669.ND.WT | E46: 56669 | F46: N | G46: . | H46: Tatanka Wind Power LLC | I46: Acciona Wind Energy USA LLC | J46: 55918 | K46: ND | L46: WNC | M46: MRO | O46: 22 | P46: 2 | Q46: NAICS-22 Non-Cogen | R46: WT | S46: WND | T46: WND | U46: MISO | V46: M | X46: 0 | Y46: 0 | Z46: 0 | AA46: 0 | AB46: 0 | AC46: 0 | AD46: 0 | AE46: 0 | AF46: 0 | AG46: 0 | AH46: 0 | AI46: 0 | AJ46: 0 | AK46: 0 | AL46: 0 | AM46: 0 | AN46: 0 | AO46: 0 | AP46: 0 | AQ46: 0 | AR46: 0 | AS46: 0 | AT46: 0 | AU46: 0 | AV46: 0 | AW46: 0 | AX46: 0 | AY46: 0 | AZ46: 0 | BA46: 0 | BB46: 0 | BC46: 0 | BD46: 0 | BE46: 0 | BF46: 0 | BG46: 0 | BH46: 61160 | BI46: 69868 | BJ46: 63040 | BK46: 57229 | BL46: 62249 | BM46: 97010 | BN46: 91452 | BO46: 93144 | BP46: 58441 | BQ46: 73621 | BR46: 88900 | BS46: 139953 | BT46: 61160 | BU46: 69868 | BV46: 63040 | BW46: 57229 | BX46: 62249 | BY46: 97010 | BZ46: 91452 | CA46: 93144 | CB46: 58441 | CC46: 73621 | CD46: 88900 | CE46: 139953 | CF46: 17925 | CG46: 20477 | CH46: 18476 | CI46: 16773 | CJ46: 18244 | CK46: 28432 | CL46: 26803 | CM46: 27299 | CN46: 17128 | CO46: 21577 | CP46: 26055 | CQ46: 41018 | CR46: 0 | CS46: 0 | CT46: 956067 | CU46: 956067 | CV46: 280207 | CW46: 2024
A47: Vintage2005 | B47: onshore wind | C47: TRUE | D47: 55918.56670.ND.WT | E47: 56670 | F47: N | G47: . | H47: Velva Windfarm LLC | I47: Acciona Wind Energy USA LLC | J47: 55918 | K47: ND | L47: WNC | M47: MRO | O47: 22 | P47: 2 | Q47: NAICS-22 Non-Cogen | R47: WT | S47: WND | T47: WND | U47: MISO | V47: AM | X47: 0 | Y47: 0 | Z47: 0 | AA47: 0 | AB47: 0 | AC47: 0 | AD47: 0 | AE47: 0 | AF47: 0 | AG47: 0 | AH47: 0 | AI47: 0 | AJ47: 0 | AK47: 0 | AL47: 0 | AM47: 0 | AN47: 0 | AO47: 0 | AP47: 0 | AQ47: 0 | AR47: 0 | AS47: 0 | AT47: 0 | AU47: 0 | AV47: 0 | AW47: 0 | AX47: 0 | AY47: 0 | AZ47: 0 | BA47: 0 | BB47: 0 | BC47: 0 | BD47: 0 | BE47: 0 | BF47: 0 | BG47: 0 | BH47: 8909 | BI47: 6060 | BJ47: 8455 | BK47: 10372 | BL47: 8765 | BM47: 8605 | BN47: 3276 | BO47: 5463 | BP47: 7268 | BQ47: 5865 | BR47: 6667 | BS47: 6227 | BT47: 8909 | BU47: 6060 | BV47: 8455 | BW47: 10372 | BX47: 8765 | BY47: 8605 | BZ47: 3276 | CA47: 5463 | CB47: 7268 | CC47: 5865 | CD47: 6667 | CE47: 6227 | CF47: 2611 | CG47: 1776 | CH47: 2478 | CI47: 3040 | CJ47: 2569 | CK47: 2522 | CL47: 960 | CM47: 1601 | CN47: 2130 | CO47: 1719 | CP47: 1954 | CQ47: 1825 | CR47: 0 | CS47: 0 | CT47: 85932 | CU47: 85932 | CV47: 25185 | CW47: 2024
A48: Vintage2014 | B48: lignite | C48: TRUE | D48: 7570.56786.ND.ST | E48: 56786 | F48: Y | G48: . | H48: Spiritwood Station | I48: Great River Energy | J48: 7570 | K48: ND | L48: WNC | M48: MRO | O48: 22 | P48: 1 | Q48: Electric Utility | R48: ST | S48: LIG | T48: COL | U48: MISO | V48: M | W48: short tons | X48: 0 | Y48: 0 | Z48: 0 | AA48: 0 | AB48: 0 | AC48: 0 | AD48: 0 | AE48: 0 | AF48: 0 | AG48: 0 | AH48: 0 | AI48: 0 | AJ48: 0 | AK48: 0 | AL48: 0 | AM48: 0 | AN48: 0 | AO48: 0 | AP48: 0 | AQ48: 0 | AR48: 0 | AS48: 0 | AT48: 0 | AU48: 0 | AV48: 0 | AW48: 0 | AX48: 0 | AY48: 0 | AZ48: 0 | BA48: 0 | BB48: 0 | BC48: 0 | BD48: 0 | BE48: 0 | BF48: 0 | BG48: 0 | BH48: 0 | BI48: 0 | BJ48: 0 | BK48: 0 | BL48: 0 | BM48: 0 | BN48: 0 | BO48: 0 | BP48: 0 | BQ48: 0 | BR48: 0 | BS48: 0 | BT48: 0 | BU48: 0 | BV48: 0 | BW48: 0 | BX48: 0 | BY48: 0 | BZ48: 0 | CA48: 0 | CB48: 0 | CC48: 0 | CD48: 0 | CE48: 0 | CF48: 0 | CG48: 0 | CH48: 0 | CI48: 0 | CJ48: 0 | CK48: 0 | CL48: 0 | CM48: 0 | CN48: 0 | CO48: 0 | CP48: 0 | CQ48: 0 | CR48: 0 | CS48: 0 | CT48: 0 | CU48: 0 | CV48: 0 | CW48: 2024
A49: Vintage2014 | B49: natural gas steam turbine | C49: TRUE | D49: 7570.56786.ND.ST | E49: 56786 | F49: Y | G49: . | H49: Spiritwood Station | I49: Great River Energy | J49: 7570 | K49: ND | L49: WNC | M49: MRO | O49: 22 | P49: 1 | Q49: Electric Utility | R49: ST | S49: NG | T49: NG | U49: MISO | V49: M | W49: mcf | X49: 245711 | Y49: 313180 | Z49: 336228 | AA49: 306277 | AB49: 246433 | AC49: 320436 | AD49: 323355 | AE49: 317384 | AF49: 336317 | AG49: 356949 | AH49: 347179 | AI49: 353022 | AJ49: 91470 | AK49: 91214 | AL49: 101715 | AM49: 70889 | AN49: 49827 | AO49: 100371 | AP49: 107853 | AQ49: 104870 | AR49: 105042 | AS49: 111343 | AT49: 107859 | AU49: 114341 | AV49: 1 | AW49: 1 | AX49: 1 | AY49: 1 | AZ49: 1 | BA49: 1 | BB49: 1 | BC49: 1 | BD49: 1 | BE49: 1 | BF49: 1 | BG49: 1 | BH49: 245711 | BI49: 313180 | BJ49: 336228 | BK49: 306277 | BL49: 246433 | BM49: 320436 | BN49: 323355 | BO49: 317384 | BP49: 336317 | BQ49: 356949 | BR49: 347179 | BS49: 353022 | BT49: 91470 | BU49: 91214 | BV49: 101715 | BW49: 70889 | BX49: 49827 | BY49: 100371 | BZ49: 107853 | CA49: 104870 | CB49: 105042 | CC49: 111343 | CD49: 107859 | CE49: 114341 | CF49: 11950.007 | CG49: 11137.718 | CH49: 12573.785 | CI49: 8444.568 | CJ49: 5529.898 | CK49: 12586.311 | CL49: 13868.462 | CM49: 13236.224 | CN49: 13209.669 | CO49: 13989.03 | CP49: 13387.897 | CQ49: 14455.939 | CR49: 3802471 | CS49: 1156794 | CT49: 3802471 | CU49: 1156794 | CV49: 144369.51 | CW49: 2024
A50: Vintage2014 | B50: other | C50: TRUE | D50: 7570.56786.ND.ST | E50: 56786 | F50: Y | G50: . | H50: Spiritwood Station | I50: Great River Energy | J50: 7570 | K50: ND | L50: WNC | M50: MRO | O50: 22 | P50: 1 | Q50: Electric Utility | R50: ST | S50: PG | T50: WOO | U50: MISO | V50: M | W50: mcf | X50: 0 | Y50: 0 | Z50: 120 | AA50: 1379 | AB50: 0 | AC50: 23 | AD50: 15 | AE50: 0 | AF50: 0 | AG50: 24 | AH50: 25 | AI50: 25 | AJ50: 0 | AK50: 0 | AL50: 36 | AM50: 319 | AN50: 0 | AO50: 7 | AP50: 5 | AQ50: 0 | AR50: 0 | AS50: 8 | AT50: 8 | AU50: 8 | AV50: 0 | AW50: 0 | AX50: 2.5 | AY50: 2.5 | AZ50: 0 | BA50: 2.5 | BB50: 2.5 | BC50: 0 | BD50: 0 | BE50: 2.5 | BF50: 2.5 | BG50: 2.5 | BH50: 0 | BI50: 0 | BJ50: 300 | BK50: 3448 | BL50: 0 | BM50: 58 | BN50: 38 | BO50: 0 | BP50: 0 | BQ50: 60 | BR50: 63 | BS50: 63 | BT50: 0 | BU50: 0 | BV50: 91 | BW50: 798 | BX50: 0 | BY50: 18 | BZ50: 13 | CA50: 0 | CB50: 0 | CC50: 19 | CD50: 19 | CE50: 20 | CF50: 0 | CG50: 0 | CH50: 11.219 | CI50: 95.053 | CJ50: 0 | CK50: 2.259 | CL50: 1.608 | CM50: 0 | CN50: 0 | CO50: 2.351 | CP50: 2.41 | CQ50: 2.559 | CR50: 1611 | CS50: 391 | CT50: 4030 | CU50: 978 | CV50: 117.459 | CW50: 2024
A51: Vintage2014 | B51: hard coal | C51: TRUE | D51: 7570.56786.ND.ST | E51: 56786 | F51: Y | G51: . | H51: Spiritwood Station | I51: Great River Energy | J51: 7570 | K51: ND | L51: WNC | M51: MRO | O51: 22 | P51: 1 | Q51: Electric Utility | R51: ST | S51: RC | T51: COL | U51: MISO | V51: M | W51: short tons | X51: 19044 | Y51: 7858 | Z51: 8110 | AA51: 5558 | AB51: 6506 | AC51: 7844 | AD51: 10874 | AE51: 8472 | AF51: 7437 | AG51: 6708 | AH51: 5846 | AI51: 8458 | AJ51: 7089 | AK51: 2289 | AL51: 2453 | AM51: 1286 | AN51: 1315 | AO51: 2457 | AP51: 3627 | AQ51: 2799 | AR51: 2323 | AS51: 2092 | AT51: 1816 | AU51: 2740 | AV51: 13.4 | AW51: 14.2 | AX51: 14.3 | AY51: 14.3 | AZ51: 14.2 | BA51: 14 | BB51: 14.1 | BC51: 14.1 | BD51: 14.4 | BE51: 14.4 | BF51: 14.3 | BG51: 14.1 | BH51: 255190 | BI51: 111584 | BJ51: 115973 | BK51: 79479 | BL51: 92385 | BM51: 109816 | BN51: 153323 | BO51: 119455 | BP51: 107093 | BQ51: 96595 | BR51: 83598 | BS51: 119258 | BT51: 94999 | BU51: 32499 | BV51: 35084 | BW51: 18396 | BX51: 18680 | BY51: 34398 | BZ51: 51140 | CA51: 39470 | CB51: 33448 | CC51: 30131 | CD51: 25971 | CE51: 38627 | CF51: 12410.993 | CG51: 3968.282 | CH51: 4336.996 | CI51: 2191.379 | CJ51: 2073.102 | CK51: 4313.43 | CL51: 6575.93 | CM51: 4981.776 | CN51: 4206.331 | CO51: 3785.619 | CP51: 3223.693 | CQ51: 4883.502 | CR51: 102715 | CS51: 32286 | CT51: 1443749 | CU51: 452843 | CV51: 56951.033 | CW51: 2024
A52: Vintage2008 | B52: onshore wind | C52: TRUE | D52: 55799.56912.ND.WT | E52: 56912 | F52: N | G52: . | H52: Langdon Wind II LLC | I52: FPL Energy Langdon Wind LLC | J52: 55799 | K52: ND | L52: WNC | M52: MRO | O52: 22 | P52: 2 | Q52: NAICS-22 Non-Cogen | R52: WT | S52: WND | T52: WND | U52: MISO | V52: AM | X52: 0 | Y52: 0 | Z52: 0 | AA52: 0 | AB52: 0 | AC52: 0 | AD52: 0 | AE52: 0 | AF52: 0 | AG52: 0 | AH52: 0 | AI52: 0 | AJ52: 0 | AK52: 0 | AL52: 0 | AM52: 0 | AN52: 0 | AO52: 0 | AP52: 0 | AQ52: 0 | AR52: 0 | AS52: 0 | AT52: 0 | AU52: 0 | AV52: 0 | AW52: 0 | AX52: 0 | AY52: 0 | AZ52: 0 | BA52: 0 | BB52: 0 | BC52: 0 | BD52: 0 | BE52: 0 | BF52: 0 | BG52: 0 | BH52: 45407 | BI52: 45154 | BJ52: 47911 | BK52: 60450 | BL52: 51003 | BM52: 52118 | BN52: 27044 | BO52: 40514 | BP52: 53347 | BQ52: 55667 | BR52: 51903 | BS52: 52719 | BT52: 45407 | BU52: 45154 | BV52: 47911 | BW52: 60450 | BX52: 51003 | BY52: 52118 | BZ52: 27044 | CA52: 40514 | CB52: 53347 | CC52: 55667 | CD52: 51903 | CE52: 52719 | CF52: 13308 | CG52: 13234 | CH52: 14042 | CI52: 17717 | CJ52: 14948 | CK52: 15275 | CL52: 7926 | CM52: 11874 | CN52: 15635 | CO52: 16315 | CP52: 15212 | CQ52: 15451 | CR52: 0 | CS52: 0 | CT52: 583237 | CU52: 583237 | CV52: 170937 | CW52: 2024
A53: Vintage2008 | B53: onshore wind | C53: TRUE | D53: 56122.56919.ND.WT | E53: 56919 | F53: N | G53: . | H53: FPL Energy Ashtabula Wind LLC | I53: FPL Energy Ashtabula Wind LLC | J53: 56122 | K53: ND | L53: WNC | M53: MRO | O53: 22 | P53: 2 | Q53: NAICS-22 Non-Cogen | R53: WT | S53: WND | T53: WND | U53: MISO | V53: AM | X53: 0 | Y53: 0 | Z53: 0 | AA53: 0 | AB53: 0 | AC53: 0 | AD53: 0 | AE53: 0 | AF53: 0 | AG53: 0 | AH53: 0 | AI53: 0 | AJ53: 0 | AK53: 0 | AL53: 0 | AM53: 0 | AN53: 0 | AO53: 0 | AP53: 0 | AQ53: 0 | AR53: 0 | AS53: 0 | AT53: 0 | AU53: 0 | AV53: 0 | AW53: 0 | AX53: 0 | AY53: 0 | AZ53: 0 | BA53: 0 | BB53: 0 | BC53: 0 | BD53: 0 | BE53: 0 | BF53: 0 | BG53: 0 | BH53: 148978 | BI53: 167171 | BJ53: 205918 | BK53: 219238 | BL53: 168027 | BM53: 167539 | BN53: 91970 | BO53: 140278 | BP53: 176946 | BQ53: 188462 | BR53: 184258 | BS53: 168160 | BT53: 148978 | BU53: 167171 | BV53: 205918 | BW53: 219238 | BX53: 168027 | BY53: 167539 | BZ53: 91970 | CA53: 140278 | CB53: 176946 | CC53: 188462 | CD53: 184258 | CE53: 168160 | CF53: 43663 | CG53: 48995 | CH53: 60351 | CI53: 64255 | CJ53: 49246 | CK53: 49103 | CL53: 26955 | CM53: 41113 | CN53: 51860 | CO53: 55235 | CP53: 54003 | CQ53: 49285 | CR53: 0 | CS53: 0 | CT53: 2026945 | CU53: 2026945 | CV53: 594064 | CW53: 2024
A54: Vintage2009 | B54: onshore wind | C54: TRUE | D54: 14232.57031.ND.WT | E54: 57031 | F54: N | G54: . | H54: Luverne Wind Energy Center | I54: Otter Tail Power Co | J54: 14232 | K54: ND | L54: WNC | M54: MRO | O54: 22 | P54: 1 | Q54: Electric Utility | R54: WT | S54: WND | T54: WND | U54: MISO | V54: AM | X54: 0 | Y54: 0 | Z54: 0 | AA54: 0 | AB54: 0 | AC54: 0 | AD54: 0 | AE54: 0 | AF54: 0 | AG54: 0 | AH54: 0 | AI54: 0 | AJ54: 0 | AK54: 0 | AL54: 0 | AM54: 0 | AN54: 0 | AO54: 0 | AP54: 0 | AQ54: 0 | AR54: 0 | AS54: 0 | AT54: 0 | AU54: 0 | AV54: 0 | AW54: 0 | AX54: 0 | AY54: 0 | AZ54: 0 | BA54: 0 | BB54: 0 | BC54: 0 | BD54: 0 | BE54: 0 | BF54: 0 | BG54: 0 | BH54: 39572 | BI54: 46895 | BJ54: 58028 | BK54: 61406 | BL54: 42623 | BM54: 29927 | BN54: 7929 | BO54: 0 | BP54: 775 | BQ54: 13740 | BR54: 30544 | BS54: 44192 | BT54: 39572 | BU54: 46895 | BV54: 58028 | BW54: 61406 | BX54: 42623 | BY54: 29927 | BZ54: 7929 | CA54: 0 | CB54: 775 | CC54: 13740 | CD54: 30544 | CE54: 44192 | CF54: 11598 | CG54: 13744 | CH54: 17007 | CI54: 17997 | CJ54: 12492 | CK54: 8771 | CL54: 2324 | CM54: 0 | CN54: 227 | CO54: 4027 | CP54: 8952 | CQ54: 12952 | CR54: 0 | CS54: 0 | CT54: 375631 | CU54: 375631 | CV54: 110091 | CW54: 2024
A55: Vintage2008 | B55: onshore wind | C55: TRUE | D55: 14232.57032.ND.WT | E55: 57032 | F55: N | G55: . | H55: Ashtabula Wind Energy Center | I55: Otter Tail Power Co | J55: 14232 | K55: ND | L55: WNC | M55: MRO | O55: 22 | P55: 1 | Q55: Electric Utility | R55: WT | S55: WND | T55: WND | U55: MISO | V55: AM | X55: 0 | Y55: 0 | Z55: 0 | AA55: 0 | AB55: 0 | AC55: 0 | AD55: 0 | AE55: 0 | AF55: 0 | AG55: 0 | AH55: 0 | AI55: 0 | AJ55: 0 | AK55: 0 | AL55: 0 | AM55: 0 | AN55: 0 | AO55: 0 | AP55: 0 | AQ55: 0 | AR55: 0 | AS55: 0 | AT55: 0 | AU55: 0 | AV55: 0 | AW55: 0 | AX55: 0 | AY55: 0 | AZ55: 0 | BA55: 0 | BB55: 0 | BC55: 0 | BD55: 0 | BE55: 0 | BF55: 0 | BG55: 0 | BH55: 22864 | BI55: 36324 | BJ55: 46690 | BK55: 49331 | BL55: 32127 | BM55: 31674 | BN55: 19442 | BO55: 29480 | BP55: 35870 | BQ55: 33543 | BR55: 26167 | BS55: 32499 | BT55: 22864 | BU55: 36324 | BV55: 46690 | BW55: 49331 | BX55: 32127 | BY55: 31674 | BZ55: 19442 | CA55: 29480 | CB55: 35870 | CC55: 33543 | CD55: 26167 | CE55: 32499 | CF55: 6701 | CG55: 10646 | CH55: 13684 | CI55: 14458 | CJ55: 9416 | CK55: 9283 | CL55: 5698 | CM55: 8640 | CN55: 10513 | CO55: 9831 | CP55: 7669 | CQ55: 9525 | CR55: 0 | CS55: 0 | CT55: 396011 | CU55: 396011 | CV55: 116064 | CW55: 2024
A56: Vintage2007 | B56: onshore wind | C56: TRUE | D56: 14232.57033.ND.WT | E56: 57033 | F56: N | G56: . | H56: Langdon Wind Energy Center | I56: Otter Tail Power Co | J56: 14232 | K56: ND | L56: WNC | M56: MRO | O56: 22 | P56: 1 | Q56: Electric Utility | R56: WT | S56: WND | T56: WND | U56: MISO | V56: AM | X56: 0 | Y56: 0 | Z56: 0 | AA56: 0 | AB56: 0 | AC56: 0 | AD56: 0 | AE56: 0 | AF56: 0 | AG56: 0 | AH56: 0 | AI56: 0 | AJ56: 0 | AK56: 0 | AL56: 0 | AM56: 0 | AN56: 0 | AO56: 0 | AP56: 0 | AQ56: 0 | AR56: 0 | AS56: 0 | AT56: 0 | AU56: 0 | AV56: 0 | AW56: 0 | AX56: 0 | AY56: 0 | AZ56: 0 | BA56: 0 | BB56: 0 | BC56: 0 | BD56: 0 | BE56: 0 | BF56: 0 | BG56: 0 | BH56: 32793 | BI56: 27692 | BJ56: 37290 | BK56: 25447 | BL56: 27340 | BM56: 28094 | BN56: 14487 | BO56: 20530 | BP56: 8666 | BQ56: 14388 | BR56: 40129 | BS56: 46850 | BT56: 32793 | BU56: 27692 | BV56: 37290 | BW56: 25447 | BX56: 27340 | BY56: 28094 | BZ56: 14487 | CA56: 20530 | CB56: 8666 | CC56: 14388 | CD56: 40129 | CE56: 46850 | CF56: 9611 | CG56: 8116 | CH56: 10929 | CI56: 7458 | CJ56: 8013 | CK56: 8234 | CL56: 4246 | CM56: 6017 | CN56: 2540 | CO56: 4217 | CP56: 11761 | CQ56: 13731 | CR56: 0 | CS56: 0 | CT56: 323706 | CU56: 323706 | CV56: 94873 | CW56: 2024
A57: Vintage2012 | B57: onshore wind | C57: TRUE | D57: 12647.57038.ND.WT | E57: 57038 | F57: N | G57: . | H57: Bison I Wind Energy Center | I57: ALLETE, Inc. | J57: 12647 | K57: ND | L57: WNC | M57: MRO | O57: 22 | P57: 1 | Q57: Electric Utility | R57: WT | S57: WND | T57: WND | U57: MISO | V57: AM | X57: 0 | Y57: 0 | Z57: 0 | AA57: 0 | AB57: 0 | AC57: 0 | AD57: 0 | AE57: 0 | AF57: 0 | AG57: 0 | AH57: 0 | AI57: 0 | AJ57: 0 | AK57: 0 | AL57: 0 | AM57: 0 | AN57: 0 | AO57: 0 | AP57: 0 | AQ57: 0 | AR57: 0 | AS57: 0 | AT57: 0 | AU57: 0 | AV57: 0 | AW57: 0 | AX57: 0 | AY57: 0 | AZ57: 0 | BA57: 0 | BB57: 0 | BC57: 0 | BD57: 0 | BE57: 0 | BF57: 0 | BG57: 0 | BH57: 32441 | BI57: 44008 | BJ57: 50194 | BK57: 67510 | BL57: 55169 | BM57: 46557 | BN57: 28562 | BO57: 51177 | BP57: 51334 | BQ57: 42797 | BR57: 36931 | BS57: 59318 | BT57: 32441 | BU57: 44008 | BV57: 50194 | BW57: 67510 | BX57: 55169 | BY57: 46557 | BZ57: 28562 | CA57: 51177 | CB57: 51334 | CC57: 42797 | CD57: 36931 | CE57: 59318 | CF57: 9508 | CG57: 12898 | CH57: 14711 | CI57: 19786 | CJ57: 16169 | CK57: 13645 | CL57: 8371 | CM57: 14999 | CN57: 15045 | CO57: 12543 | CP57: 10824 | CQ57: 17385 | CR57: 0 | CS57: 0 | CT57: 565998 | CU57: 565998 | CV57: 165884 | CW57: 2024
A58: Vintage2020 | B58: onshore wind | C58: TRUE | D58: 14232.57048.ND.WT | E58: 57048 | F58: N | G58: . | H58: Merricourt Wind Energy Center | I58: Otter Tail Power Co | J58: 14232 | K58: ND | L58: WNC | M58: MRO | O58: 22 | P58: 1 | Q58: Electric Utility | R58: WT | S58: WND | T58: WND | U58: MISO | V58: M | X58: 0 | Y58: 0 | Z58: 0 | AA58: 0 | AB58: 0 | AC58: 0 | AD58: 0 | AE58: 0 | AF58: 0 | AG58: 0 | AH58: 0 | AI58: 0 | AJ58: 0 | AK58: 0 | AL58: 0 | AM58: 0 | AN58: 0 | AO58: 0 | AP58: 0 | AQ58: 0 | AR58: 0 | AS58: 0 | AT58: 0 | AU58: 0 | AV58: 0 | AW58: 0 | AX58: 0 | AY58: 0 | AZ58: 0 | BA58: 0 | BB58: 0 | BC58: 0 | BD58: 0 | BE58: 0 | BF58: 0 | BG58: 0 | BH58: 162264 | BI58: 136760 | BJ58: 114264 | BK58: 146191 | BL58: 166236 | BM58: 173469 | BN58: 113162 | BO58: 182266 | BP58: 204836 | BQ58: 199684 | BR58: 170757 | BS58: 186814 | BT58: 162264 | BU58: 136760 | BV58: 114264 | BW58: 146191 | BX58: 166236 | BY58: 173469 | BZ58: 113162 | CA58: 182266 | CB58: 204836 | CC58: 199684 | CD58: 170757 | CE58: 186814 | CF58: 47557 | CG58: 40082 | CH58: 33489 | CI58: 42846 | CJ58: 48721 | CK58: 50841 | CL58: 33166 | CM58: 53419 | CN58: 60034 | CO58: 58524 | CP58: 50046 | CQ58: 54752 | CR58: 0 | CS58: 0 | CT58: 1956703 | CU58: 1956703 | CV58: 573477 | CW58: 2024
A59: Vintage2009 | B59: onshore wind | C59: TRUE | D59: 15399.57097.ND.WT | E59: 57097 | F59: N | G59: . | H59: Rugby Wind Power Project | I59: Avangrid Power LLC | J59: 15399 | K59: ND | L59: WNC | M59: MRO | O59: 22 | P59: 2 | Q59: NAICS-22 Non-Cogen | R59: WT | S59: WND | T59: WND | U59: MISO | V59: AM | X59: 0 | Y59: 0 | Z59: 0 | AA59: 0 | AB59: 0 | AC59: 0 | AD59: 0 | AE59: 0 | AF59: 0 | AG59: 0 | AH59: 0 | AI59: 0 | AJ59: 0 | AK59: 0 | AL59: 0 | AM59: 0 | AN59: 0 | AO59: 0 | AP59: 0 | AQ59: 0 | AR59: 0 | AS59: 0 | AT59: 0 | AU59: 0 | AV59: 0 | AW59: 0 | AX59: 0 | AY59: 0 | AZ59: 0 | BA59: 0 | BB59: 0 | BC59: 0 | BD59: 0 | BE59: 0 | BF59: 0 | BG59: 0 | BH59: 105731 | BI59: 109535 | BJ59: 125377 | BK59: 139476 | BL59: 118703 | BM59: 77988 | BN59: 33219 | BO59: 67988 | BP59: 81844 | BQ59: 68922 | BR59: 101589 | BS59: 114015 | BT59: 105731 | BU59: 109535 | BV59: 125377 | BW59: 139476 | BX59: 118703 | BY59: 77988 | BZ59: 33219 | CA59: 67988 | CB59: 81844 | CC59: 68922 | CD59: 101589 | CE59: 114015 | CF59: 30988 | CG59: 32103 | CH59: 36746 | CI59: 40878 | CJ59: 34790 | CK59: 22857 | CL59: 9736 | CM59: 19926 | CN59: 23987 | CO59: 20200 | CP59: 29774 | CQ59: 33416 | CR59: 0 | CS59: 0 | CT59: 1144387 | CU59: 1144387 | CV59: 335401 | CW59: 2024
A60: Vintage2009 | B60: onshore wind | C60: TRUE | D60: 56415.57120.ND.WT | E60: 57120 | F60: N | G60: . | H60: Wilton Wind II LLC | I60: Wilton Wind II LLC | J60: 56415 | K60: ND | L60: WNC | M60: MRO | O60: 22 | P60: 2 | Q60: NAICS-22 Non-Cogen | R60: WT | S60: WND | T60: WND | U60: MISO | V60: AM | X60: 0 | Y60: 0 | Z60: 0 | AA60: 0 | AB60: 0 | AC60: 0 | AD60: 0 | AE60: 0 | AF60: 0 | AG60: 0 | AH60: 0 | AI60: 0 | AJ60: 0 | AK60: 0 | AL60: 0 | AM60: 0 | AN60: 0 | AO60: 0 | AP60: 0 | AQ60: 0 | AR60: 0 | AS60: 0 | AT60: 0 | AU60: 0 | AV60: 0 | AW60: 0 | AX60: 0 | AY60: 0 | AZ60: 0 | BA60: 0 | BB60: 0 | BC60: 0 | BD60: 0 | BE60: 0 | BF60: 0 | BG60: 0 | BH60: 52466 | BI60: 52661 | BJ60: 59454 | BK60: 73597 | BL60: 58465 | BM60: 58523 | BN60: 35884 | BO60: 51944 | BP60: 63040 | BQ60: 56742 | BR60: 56448 | BS60: 61696 | BT60: 52466 | BU60: 52661 | BV60: 59454 | BW60: 73597 | BX60: 58465 | BY60: 58523 | BZ60: 35884 | CA60: 51944 | CB60: 63040 | CC60: 56742 | CD60: 56448 | CE60: 61696 | CF60: 15377 | CG60: 15434 | CH60: 17425 | CI60: 21570 | CJ60: 17135 | CK60: 17152 | CL60: 10517 | CM60: 15224 | CN60: 18476 | CO60: 16630 | CP60: 16544 | CQ60: 18082 | CR60: 0 | CS60: 0 | CT60: 680920 | CU60: 680920 | CV60: 199566 | CW60: 2024
A61: Vintage2009 | B61: onshore wind | C61: TRUE | D61: 56414.57121.ND.WT | E61: 57121 | F61: N | G61: . | H61: Ashtabula Wind II LLC | I61: Ashtabula Wind II LLC | J61: 56414 | K61: ND | L61: WNC | M61: MRO | O61: 22 | P61: 2 | Q61: NAICS-22 Non-Cogen | R61: WT | S61: WND | T61: WND | U61: MISO | V61: AM | X61: 0 | Y61: 0 | Z61: 0 | AA61: 0 | AB61: 0 | AC61: 0 | AD61: 0 | AE61: 0 | AF61: 0 | AG61: 0 | AH61: 0 | AI61: 0 | AJ61: 0 | AK61: 0 | AL61: 0 | AM61: 0 | AN61: 0 | AO61: 0 | AP61: 0 | AQ61: 0 | AR61: 0 | AS61: 0 | AT61: 0 | AU61: 0 | AV61: 0 | AW61: 0 | AX61: 0 | AY61: 0 | AZ61: 0 | BA61: 0 | BB61: 0 | BC61: 0 | BD61: 0 | BE61: 0 | BF61: 0 | BG61: 0 | BH61: 96689 | BI61: 97331 | BJ61: 120167 | BK61: 126360 | BL61: 86276 | BM61: 81676 | BN61: 53459 | BO61: 80711 | BP61: 102807 | BQ61: 95086 | BR61: 78827 | BS61: 100111 | BT61: 96689 | BU61: 97331 | BV61: 120167 | BW61: 126360 | BX61: 86276 | BY61: 81676 | BZ61: 53459 | CA61: 80711 | CB61: 102807 | CC61: 95086 | CD61: 78827 | CE61: 100111 | CF61: 28338 | CG61: 28526 | CH61: 35219 | CI61: 37034 | CJ61: 25286 | CK61: 23938 | CL61: 15668 | CM61: 23655 | CN61: 30131 | CO61: 27868 | CP61: 23103 | CQ61: 29341 | CR61: 0 | CS61: 0 | CT61: 1119500 | CU61: 1119500 | CV61: 328107 | CW61: 2024
A62: Vintage2010 | B62: onshore wind | C62: TRUE | D62: 12199.57171.ND.WT | E62: 57171 | F62: N | G62: . | H62: Cedar Hills Wind Farm | I62: Montana-Dakota Utilities Co | J62: 12199 | K62: ND | L62: WNC | M62: MRO | O62: 22 | P62: 1 | Q62: Electric Utility | R62: WT | S62: WND | T62: WND | U62: MISO | V62: AM | X62: 0 | Y62: 0 | Z62: 0 | AA62: 0 | AB62: 0 | AC62: 0 | AD62: 0 | AE62: 0 | AF62: 0 | AG62: 0 | AH62: 0 | AI62: 0 | AJ62: 0 | AK62: 0 | AL62: 0 | AM62: 0 | AN62: 0 | AO62: 0 | AP62: 0 | AQ62: 0 | AR62: 0 | AS62: 0 | AT62: 0 | AU62: 0 | AV62: 0 | AW62: 0 | AX62: 0 | AY62: 0 | AZ62: 0 | BA62: 0 | BB62: 0 | BC62: 0 | BD62: 0 | BE62: 0 | BF62: 0 | BG62: 0 | BH62: 10796 | BI62: 13058 | BJ62: 12870 | BK62: 23440 | BL62: 18722 | BM62: 18937 | BN62: 10751 | BO62: 17234 | BP62: 16910 | BQ62: 14955 | BR62: 15235 | BS62: 16674 | BT62: 10796 | BU62: 13058 | BV62: 12870 | BW62: 23440 | BX62: 18722 | BY62: 18937 | BZ62: 10751 | CA62: 17234 | CB62: 16910 | CC62: 14955 | CD62: 15235 | CE62: 16674 | CF62: 3164 | CG62: 3827 | CH62: 3772 | CI62: 6870 | CJ62: 5487 | CK62: 5550 | CL62: 3151 | CM62: 5051 | CN62: 4956 | CO62: 4383 | CP62: 4465 | CQ62: 4887 | CR62: 0 | CS62: 0 | CT62: 189582 | CU62: 189582 | CV62: 55563 | CW62: 2024
A63: Vintage2009 | B63: other | C63: TRUE | D63: 12199.57172.ND.ST | E63: 57172 | F63: N | G63: . | H63: Glen Ullin Station 6 | I63: Montana-Dakota Utilities Co | J63: 12199 | K63: ND | L63: WNC | M63: MRO | O63: 22 | P63: 1 | Q63: Electric Utility | R63: ST | S63: WH | T63: OTH | U63: MISO | V63: A | X63: 0 | Y63: 0 | Z63: 0 | AA63: 0 | AB63: 0 | AC63: 0 | AD63: 0 | AE63: 0 | AF63: 0 | AG63: 0 | AH63: 0 | AI63: 0 | AJ63: 0 | AK63: 0 | AL63: 0 | AM63: 0 | AN63: 0 | AO63: 0 | AP63: 0 | AQ63: 0 | AR63: 0 | AS63: 0 | AT63: 0 | AU63: 0 | AV63: 0 | AW63: 0 | AX63: 0 | AY63: 0 | AZ63: 0 | BA63: 0 | BB63: 0 | BC63: 0 | BD63: 0 | BE63: 0 | BF63: 0 | BG63: 0 | BH63: 10840 | BI63: 11229 | BJ63: 6838 | BK63: 4813 | BL63: 13150 | BM63: 11288 | BN63: 12132 | BO63: 11033 | BP63: 12563 | BQ63: 10882 | BR63: 11367 | BS63: 12054 | BT63: 10840 | BU63: 11229 | BV63: 6838 | BW63: 4813 | BX63: 13150 | BY63: 11288 | BZ63: 12132 | CA63: 11033 | CB63: 12563 | CC63: 10882 | CD63: 11367 | CE63: 12054 | CF63: 3177.067 | CG63: 3290.954 | CH63: 2004.123 | CI63: 1410.537 | CJ63: 3854.133 | CK63: 3308.456 | CL63: 3555.647 | CM63: 3233.535 | CN63: 3681.962 | CO63: 3189.235 | CP63: 3331.4 | CQ63: 3532.951 | CR63: 0 | CS63: 0 | CT63: 128189 | CU63: 128189 | CV63: 37570 | CW63: 2024
... A67: Vintage2012 | B67: onshore wind | C67: TRUE | D67: 12647.57801.ND.WT | E67: 57801 | F67: N | G67: . | H67: Bison 3 Wind Energy Center | I67: ALLETE, Inc. | J67: 12647 | K67: ND | L67: WNC | M67: MRO | O67: 22 | P67: 1 | Q67: Electric Utility | R67: WT | S67: WND | T67: WND | U67: MISO | V67: AM | X67: 0 | Y67: 0 | Z67: 0 | AA67: 0 | AB67: 0 | AC67: 0 | AD67: 0 | AE67: 0 | AF67: 0 | AG67: 0 | AH67: 0 | AI67: 0 | AJ67: 0 | AK67: 0 | AL67: 0 | AM67: 0 | AN67: 0 | AO67: 0 | AP67: 0 | AQ67: 0 | AR67: 0 | AS67: 0 | AT67: 0 | AU67: 0 | AV67: 0 | AW67: 0 | AX67: 0 | AY67: 0 | AZ67: 0 | BA67: 0 | BB67: 0 | BC67: 0 | BD67: 0 | BE67: 0 | BF67: 0 | BG67: 0 | BH67: 37085 | BI67: 58721 | BJ67: 69823 | BK67: 87084 | BL67: 73324 | BM67: 65643 | BN67: 43397 | BO67: 64719 | BP67: 70144 | BQ67: 56305 | BR67: 50030 | BS67: 85645 | BT67: 37085 | BU67: 58721 | BV67: 69823 | BW67: 87084 | BX67: 73324 | BY67: 65643 | BZ67: 43397 | CA67: 64719 | CB67: 70144 | CC67: 56305 | CD67: 50030 | CE67: 85645 | CF67: 10869 | CG67: 17210 | CH67: 20464 | CI67: 25523 | CJ67: 21490 | CK67: 19239 | CL67: 12719 | CM67: 18968 | CN67: 20558 | CO67: 16502 | CP67: 14663 | CQ67: 25101 | CR67: 0 | CS67: 0 | CT67: 761920 | CU67: 761920 | CV67: 223306 | CW67: 2024
A68: Vintage2014 | B68: natural gas peaker | C68: TRUE | D68: 1307.57881.ND.GT | E68: 57881 | F68: N | G68: . | H68: Pioneer Generation Station | I68: Basin Electric Power Coop | J68: 1307 | K68: ND | L68: WNC | M68: MRO | O68: 22 | P68: 1 | Q68: Electric Utility | R68: GT | S68: NG | T68: NG | U68: SWPP | V68: A | W68: mcf | X68: 571470 | Y68: 461000 | Z68: 386263 | AA68: 293030 | AB68: 468696 | AC68: 536242 | AD68: 826336 | AE68: 789886 | AF68: 519961 | AG68: 343420 | AH68: 437686 | AI68: 493084 | AJ68: 571470 | AK68: 461000 | AL68: 386263 | AM68: 293030 | AN68: 468696 | AO68: 536242 | AP68: 826336 | AQ68: 789886 | AR68: 519961 | AS68: 343420 | AT68: 437686 | AU68: 493084 | AV68: 1.084 | AW68: 1.084 | AX68: 1.084 | AY68: 1.084 | AZ68: 1.084 | BA68: 1.084 | BB68: 1.084 | BC68: 1.084 | BD68: 1.084 | BE68: 1.084 | BF68: 1.084 | BG68: 1.084 | BH68: 619473 | BI68: 499724 | BJ68: 418709 | BK68: 317645 | BL68: 508066 | BM68: 581286 | BN68: 895748 | BO68: 856236 | BP68: 563638 | BQ68: 372267 | BR68: 474452 | BS68: 534503 | BT68: 619473 | BU68: 499724 | BV68: 418709 | BW68: 317645 | BX68: 508066 | BY68: 581286 | BZ68: 895748 | CA68: 856236 | CB68: 563638 | CC68: 372267 | CD68: 474452 | CE68: 534503 | CF68: 55731.634 | CG68: 44958.194 | CH68: 37669.598 | CI68: 28577.22 | CJ68: 45708.768 | CK68: 52296.038 | CL68: 80586.929 | CM68: 77032.226 | CN68: 50708.294 | CO68: 33491.391 | CP68: 42684.573 | CQ68: 48087.135 | CR68: 6127074 | CS68: 6127074 | CT68: 6641747 | CU68: 6641747 | CV68: 597532 | CW68: 2024
A69: Vintage2017 | B69: natural gas peaker | C69: TRUE | D69: 1307.57881.ND.IC | E69: 57881 | F69: N | G69: . | H69: Pioneer Generation Station | I69: Basin Electric Power Coop | J69: 1307 | K69: ND | L69: WNC | M69: MRO | O69: 22 | P69: 1 | Q69: Electric Utility | R69: IC | S69: NG | T69: NG | U69: SWPP | V69: A | W69: mcf | X69: 376842 | Y69: 303996 | Z69: 254712 | AA69: 193232 | AB69: 309071 | AC69: 353612 | AD69: 544908 | AE69: 520872 | AF69: 342876 | AG69: 226460 | AH69: 288622 | AI69: 325153 | AJ69: 376842 | AK69: 303996 | AL69: 254712 | AM69: 193232 | AN69: 309071 | AO69: 353612 | AP69: 544908 | AQ69: 520872 | AR69: 342876 | AS69: 226460 | AT69: 288622 | AU69: 325153 | AV69: 1.084 | AW69: 1.084 | AX69: 1.084 | AY69: 1.084 | AZ69: 1.084 | BA69: 1.084 | BB69: 1.084 | BC69: 1.084 | BD69: 1.084 | BE69: 1.084 | BF69: 1.084 | BG69: 1.084 | BH69: 408497 | BI69: 329532 | BJ69: 276108 | BK69: 209463 | BL69: 335033 | BM69: 383315 | BN69: 590680 | BO69: 564625 | BP69: 371678 | BQ69: 245483 | BR69: 312866 | BS69: 352466 | BT69: 408497 | BU69: 329532 | BV69: 276108 | BW69: 209463 | BX69: 335033 | BY69: 383315 | BZ69: 590680 | CA69: 564625 | CB69: 371678 | CC69: 245483 | CD69: 312866 | CE69: 352466 | CF69: 46140.431 | CG69: 37221.058 | CH69: 31186.803 | CI69: 23659.188 | CJ69: 37842.462 | CK69: 43296.087 | CL69: 66718.223 | CM69: 63775.271 | CN69: 41981.588 | CO69: 27727.649 | CP69: 35338.719 | CQ69: 39811.521 | CR69: 4040356 | CS69: 4040356 | CT69: 4379746 | CU69: 4379746 | CV69: 494699 | CW69: 2024
A70: Vintage2021 | B70: natural gas peaker | C70: TRUE | D70: 1307.57943.ND.GT | E70: 57943 | F70: N | G70: . | H70: Lonesome Creek Station | I70: Basin Electric Power Coop | J70: 1307 | K70: ND | L70: WNC | M70: MRO | O70: 22 | P70: 1 | Q70: Electric Utility | R70: GT | S70: NG | T70: NG | U70: SWPP | V70: A | W70: mcf | X70: 864318 | Y70: 792805 | Z70: 587537 | AA70: 503916 | AB70: 990885 | AC70: 1024241 | AD70: 1214851 | AE70: 1306748 | AF70: 841675 | AG70: 751594 | AH70: 888953 | AI70: 589754 | AJ70: 864318 | AK70: 792805 | AL70: 587537 | AM70: 503916 | AN70: 990885 | AO70: 1024241 | AP70: 1214851 | AQ70: 1306748 | AR70: 841675 | AS70: 751594 | AT70: 888953 | AU70: 589754 | AV70: 1.082 | AW70: 1.082 | AX70: 1.082 | AY70: 1.082 | AZ70: 1.082 | BA70: 1.082 | BB70: 1.082 | BC70: 1.082 | BD70: 1.082 | BE70: 1.082 | BF70: 1.082 | BG70: 1.082 | BH70: 935192 | BI70: 857815 | BJ70: 635715 | BK70: 545237 | BL70: 1072138 | BM70: 1108229 | BN70: 1314469 | BO70: 1413901 | BP70: 910692 | BQ70: 813225 | BR70: 961847 | BS70: 638114 | BT70: 935192 | BU70: 857815 | BV70: 635715 | BW70: 545237 | BX70: 1072138 | BY70: 1108229 | BZ70: 1314469 | CA70: 1413901 | CB70: 910692 | CC70: 813225 | CD70: 961847 | CE70: 638114 | CF70: 93926.257 | CG70: 86154.856 | CH70: 63848.229 | CI70: 54761.046 | CJ70: 107680.44 | CK70: 111305.2 | CL70: 132019 | CM70: 142005.57 | CN70: 91465.607 | CO70: 81676.372 | CP70: 96603.309 | CQ70: 64089.119 | CR70: 10357277 | CS70: 10357277 | CT70: 11206574 | CU70: 11206574 | CV70: 1125535 | CW70: 2024
A71: Vintage2016 | B71: onshore wind | C71: TRUE | D71: 13781.58658.ND.WT | E71: 58658 | F71: N | G71: . | H71: Courtenay Wind Farm | I71: Northern States Power Co - Minnesota | J71: 13781 | K71: ND | L71: WNC | M71: MRO | O71: 22 | P71: 1 | Q71: Electric Utility | R71: WT | S71: WND | T71: WND | U71: MISO | V71: M | X71: 0 | Y71: 0 | Z71: 0 | AA71: 0 | AB71: 0 | AC71: 0 | AD71: 0 | AE71: 0 | AF71: 0 | AG71: 0 | AH71: 0 | AI71: 0 | AJ71: 0 | AK71: 0 | AL71: 0 | AM71: 0 | AN71: 0 | AO71: 0 | AP71: 0 | AQ71: 0 | AR71: 0 | AS71: 0 | AT71: 0 | AU71: 0 | AV71: 0 | AW71: 0 | AX71: 0 | AY71: 0 | AZ71: 0 | BA71: 0 | BB71: 0 | BC71: 0 | BD71: 0 | BE71: 0 | BF71: 0 | BG71: 0 | BH71: 222323 | BI71: 205184 | BJ71: 238509 | BK71: 269435 | BL71: 204382 | BM71: 211602 | BN71: 115701 | BO71: 172159 | BP71: 223984 | BQ71: 215945 | BR71: 214680 | BS71: 222159 | BT71: 222323 | BU71: 205184 | BV71: 238509 | BW71: 269435 | BX71: 204382 | BY71: 211602 | BZ71: 115701 | CA71: 172159 | CB71: 223984 | CC71: 215945 | CD71: 214680 | CE71: 222159 | CF71: 65159 | CG71: 60136 | CH71: 69903 | CI71: 78967 | CJ71: 59901 | CK71: 62017 | CL71: 33910 | CM71: 50457 | CN71: 65646 | CO71: 63290 | CP71: 62919 | CQ71: 65111 | CR71: 0 | CS71: 0 | CT71: 2516063 | CU71: 2516063 | CV71: 737416 | CW71: 2024
